screen_id,route,state,heading,scope,test,screenshot,automated_result,human_review,inherited_rule,inherited_qa_case_ids,qa_scope
L-001,/launch,Loading,Mở Mingo,Phase2 presentation fixture; not production service,L-001 | Loading | responsive + screenshot,03_Kiem_thu/QA_QC/phase2/rebaseline_v2_20261001/screenshots/L-001_Loading.png,READ_RUN_EVIDENCE,PENDING,No business decision performed here,QC-003; QA-NAV-001,"Original QA IDs are inherited references, not a claim those old cases passed on the new Flutter UI"
L-001,/launch,error,Mở Mingo,Phase2 presentation fixture; not production service,L-001 | error | responsive + screenshot,03_Kiem_thu/QA_QC/phase2/rebaseline_v2_20261001/screenshots/L-001_error.png,READ_RUN_EVIDENCE,PENDING,No business decision performed here,QC-003; QA-NAV-001,"Original QA IDs are inherited references, not a claim those old cases passed on the new Flutter UI"
L-001,/launch,offline bootstrap,Mở Mingo,Phase2 presentation fixture; not production service,L-001 | offline bootstrap | responsive + screenshot,03_Kiem_thu/QA_QC/phase2/rebaseline_v2_20261001/screenshots/L-001_offline_bootstrap.png,READ_RUN_EVIDENCE,PENDING,No business decision performed here,QC-003; QA-NAV-001,"Original QA IDs are inherited references, not a claim those old cases passed on the new Flutter UI"
L-002,/welcome,Default,Chào bạn,Phase2 presentation fixture; not production service,L-002 | Default | responsive + screenshot,03_Kiem_thu/QA_QC/phase2/rebaseline_v2_20261001/screenshots/L-002_Default.png,READ_RUN_EVIDENCE,PENDING,No efficacy/mastery claim,QA-NAV-002; QA-LRN-015,"Original QA IDs are inherited references, not a claim those old cases passed on the new Flutter UI"
L-002,/welcome,loading,Chào bạn,Phase2 presentation fixture; not production service,L-002 | loading | responsive + screenshot,03_Kiem_thu/QA_QC/phase2/rebaseline_v2_20261001/screenshots/L-002_loading.png,READ_RUN_EVIDENCE,PENDING,No efficacy/mastery claim,QA-NAV-002; QA-LRN-015,"Original QA IDs are inherited references, not a claim those old cases passed on the new Flutter UI"
L-003,/onboarding/goal,Default,Bạn muốn học để làm gì?,Phase2 presentation fixture; not production service,L-003 | Default | responsive + screenshot,03_Kiem_thu/QA_QC/phase2/rebaseline_v2_20261001/screenshots/L-003_Default.png,READ_RUN_EVIDENCE,PENDING,Goal cannot rewrite measured skill,QA-LRN-017; QA-BIZ-008,"Original QA IDs are inherited references, not a claim those old cases passed on the new Flutter UI"
L-003,/onboarding/goal,selected,Bạn muốn học để làm gì?,Phase2 presentation fixture; not production service,L-003 | selected | responsive + screenshot,03_Kiem_thu/QA_QC/phase2/rebaseline_v2_20261001/screenshots/L-003_selected.png,READ_RUN_EVIDENCE,PENDING,Goal cannot rewrite measured skill,QA-LRN-017; QA-BIZ-008,"Original QA IDs are inherited references, not a claim those old cases passed on the new Flutter UI"
L-003,/onboarding/goal,error,Bạn muốn học để làm gì?,Phase2 presentation fixture; not production service,L-003 | error | responsive + screenshot,03_Kiem_thu/QA_QC/phase2/rebaseline_v2_20261001/screenshots/L-003_error.png,READ_RUN_EVIDENCE,PENDING,Goal cannot rewrite measured skill,QA-LRN-017; QA-BIZ-008,"Original QA IDs are inherited references, not a claim those old cases passed on the new Flutter UI"
L-004,/onboarding/placement,Default,Chọn điểm bắt đầu,Phase2 presentation fixture; not production service,L-004 | Default | responsive + screenshot,03_Kiem_thu/QA_QC/phase2/rebaseline_v2_20261001/screenshots/L-004_Default.png,READ_RUN_EVIDENCE,PENDING,Placement optional; missing evidence allowed,QA-LRN-015; QA-LRN-016,"Original QA IDs are inherited references, not a claim those old cases passed on the new Flutter UI"
L-004,/onboarding/placement,unavailable,Chọn điểm bắt đầu,Phase2 presentation fixture; not production service,L-004 | unavailable | responsive + screenshot,03_Kiem_thu/QA_QC/phase2/rebaseline_v2_20261001/screenshots/L-004_unavailable.png,READ_RUN_EVIDENCE,PENDING,Placement optional; missing evidence allowed,QA-LRN-015; QA-LRN-016,"Original QA IDs are inherited references, not a claim those old cases passed on the new Flutter UI"
L-005,/placement/:step,Ready,Thử một câu ngắn,Phase2 presentation fixture; not production service,L-005 | Ready | responsive + screenshot,03_Kiem_thu/QA_QC/phase2/rebaseline_v2_20261001/screenshots/L-005_Ready.png,READ_RUN_EVIDENCE,PENDING,Placement response requires explicit selection/allowed domain skip; provisional only; listening play request is not score authority.,QA-LRN-015; QA-LRN-023; QA-ACC-006,"Original QA IDs are inherited references, not a claim those old cases passed on the new Flutter UI"
L-005,/placement/:step,selected,Thử một câu ngắn,Phase2 presentation fixture; not production service,L-005 | selected | responsive + screenshot,03_Kiem_thu/QA_QC/phase2/rebaseline_v2_20261001/screenshots/L-005_selected.png,READ_RUN_EVIDENCE,PENDING,Placement response requires explicit selection/allowed domain skip; provisional only; listening play request is not score authority.,QA-LRN-015; QA-LRN-023; QA-ACC-006,"Original QA IDs are inherited references, not a claim those old cases passed on the new Flutter UI"
L-005,/placement/:step,validation-error,Thử một câu ngắn,Phase2 presentation fixture; not production service,L-005 | validation-error | responsive + screenshot,03_Kiem_thu/QA_QC/phase2/rebaseline_v2_20261001/screenshots/L-005_validation-error.png,READ_RUN_EVIDENCE,PENDING,Placement response requires explicit selection/allowed domain skip; provisional only; listening play request is not score authority.,QA-LRN-015; QA-LRN-023; QA-ACC-006,"Original QA IDs are inherited references, not a claim those old cases passed on the new Flutter UI"
L-005,/placement/:step,submitting,Thử một câu ngắn,Phase2 presentation fixture; not production service,L-005 | submitting | responsive + screenshot,03_Kiem_thu/QA_QC/phase2/rebaseline_v2_20261001/screenshots/L-005_submitting.png,READ_RUN_EVIDENCE,PENDING,Placement response requires explicit selection/allowed domain skip; provisional only; listening play request is not score authority.,QA-LRN-015; QA-LRN-023; QA-ACC-006,"Original QA IDs are inherited references, not a claim those old cases passed on the new Flutter UI"
L-005,/placement/:step,result,Thử một câu ngắn,Phase2 presentation fixture; not production service,L-005 | result | responsive + screenshot,03_Kiem_thu/QA_QC/phase2/rebaseline_v2_20261001/screenshots/L-005_result.png,READ_RUN_EVIDENCE,PENDING,Placement response requires explicit selection/allowed domain skip; provisional only; listening play request is not score authority.,QA-LRN-015; QA-LRN-023; QA-ACC-006,"Original QA IDs are inherited references, not a claim those old cases passed on the new Flutter UI"
L-005,/placement/:step,skipped-domain,Thử một câu ngắn,Phase2 presentation fixture; not production service,L-005 | skipped-domain | responsive + screenshot,03_Kiem_thu/QA_QC/phase2/rebaseline_v2_20261001/screenshots/L-005_skipped-domain.png,READ_RUN_EVIDENCE,PENDING,Placement response requires explicit selection/allowed domain skip; provisional only; listening play request is not score authority.,QA-LRN-015; QA-LRN-023; QA-ACC-006,"Original QA IDs are inherited references, not a claim those old cases passed on the new Flutter UI"
L-005,/placement/:step,audio-unavailable,Thử một câu ngắn,Phase2 presentation fixture; not production service,L-005 | audio-unavailable | responsive + screenshot,03_Kiem_thu/QA_QC/phase2/rebaseline_v2_20261001/screenshots/L-005_audio-unavailable.png,READ_RUN_EVIDENCE,PENDING,Placement response requires explicit selection/allowed domain skip; provisional only; listening play request is not score authority.,QA-LRN-015; QA-LRN-023; QA-ACC-006,"Original QA IDs are inherited references, not a claim those old cases passed on the new Flutter UI"
L-006,/placement/result,Complete,Điểm bắt đầu của bạn,Phase2 presentation fixture; not production service,L-006 | Complete | responsive + screenshot,03_Kiem_thu/QA_QC/phase2/rebaseline_v2_20261001/screenshots/L-006_Complete.png,READ_RUN_EVIDENCE,PENDING,Qualitative/provisional language only,QA-LRN-016,"Original QA IDs are inherited references, not a claim those old cases passed on the new Flutter UI"
L-006,/placement/result,insufficient-evidence,Điểm bắt đầu của bạn,Phase2 presentation fixture; not production service,L-006 | insufficient-evidence | responsive + screenshot,03_Kiem_thu/QA_QC/phase2/rebaseline_v2_20261001/screenshots/L-006_insufficient-evidence.png,READ_RUN_EVIDENCE,PENDING,Qualitative/provisional language only,QA-LRN-016,"Original QA IDs are inherited references, not a claim those old cases passed on the new Flutter UI"
L-010,/home,Online,Chào bạn!,Phase2 presentation fixture; not production service,L-010 | Online | responsive + screenshot,03_Kiem_thu/QA_QC/phase2/rebaseline_v2_20261001/screenshots/L-010_Online.png,READ_RUN_EVIDENCE,PENDING,Reason copy must match logged reason; no risk/mastery percentage,QA-NAV-001; QA-LRN-019; QA-BIZ-011,"Original QA IDs are inherited references, not a claim those old cases passed on the new Flutter UI"
L-010,/home,offline,Chào bạn!,Phase2 presentation fixture; not production service,L-010 | offline | responsive + screenshot,03_Kiem_thu/QA_QC/phase2/rebaseline_v2_20261001/screenshots/L-010_offline.png,READ_RUN_EVIDENCE,PENDING,Reason copy must match logged reason; no risk/mastery percentage,QA-NAV-001; QA-LRN-019; QA-BIZ-011,"Original QA IDs are inherited references, not a claim those old cases passed on the new Flutter UI"
L-010,/home,syncing,Chào bạn!,Phase2 presentation fixture; not production service,L-010 | syncing | responsive + screenshot,03_Kiem_thu/QA_QC/phase2/rebaseline_v2_20261001/screenshots/L-010_syncing.png,READ_RUN_EVIDENCE,PENDING,Reason copy must match logged reason; no risk/mastery percentage,QA-NAV-001; QA-LRN-019; QA-BIZ-011,"Original QA IDs are inherited references, not a claim those old cases passed on the new Flutter UI"
L-010,/home,nothing-due,Chào bạn!,Phase2 presentation fixture; not production service,L-010 | nothing-due | responsive + screenshot,03_Kiem_thu/QA_QC/phase2/rebaseline_v2_20261001/screenshots/L-010_nothing-due.png,READ_RUN_EVIDENCE,PENDING,Reason copy must match logged reason; no risk/mastery percentage,QA-NAV-001; QA-LRN-019; QA-BIZ-011,"Original QA IDs are inherited references, not a claim those old cases passed on the new Flutter UI"
L-010,/home,recommendation-unavailable,Chào bạn!,Phase2 presentation fixture; not production service,L-010 | recommendation-unavailable | responsive + screenshot,03_Kiem_thu/QA_QC/phase2/rebaseline_v2_20261001/screenshots/L-010_recommendation-unavailable.png,READ_RUN_EVIDENCE,PENDING,Reason copy must match logged reason; no risk/mastery percentage,QA-NAV-001; QA-LRN-019; QA-BIZ-011,"Original QA IDs are inherited references, not a claim those old cases passed on the new Flutter UI"
L-011,/home?offline=1,Offline,Học khi không có mạng,Phase2 presentation fixture; not production service,L-011 | Offline | responsive + screenshot,03_Kiem_thu/QA_QC/phase2/rebaseline_v2_20261001/screenshots/L-011_Offline.png,READ_RUN_EVIDENCE,PENDING,Queued is not server-confirmed,QA-OFF-001; QA-OFF-007,"Original QA IDs are inherited references, not a claim those old cases passed on the new Flutter UI"
L-011,/home?offline=1,queued,Học khi không có mạng,Phase2 presentation fixture; not production service,L-011 | queued | responsive + screenshot,03_Kiem_thu/QA_QC/phase2/rebaseline_v2_20261001/screenshots/L-011_queued.png,READ_RUN_EVIDENCE,PENDING,Queued is not server-confirmed,QA-OFF-001; QA-OFF-007,"Original QA IDs are inherited references, not a claim those old cases passed on the new Flutter UI"
L-012,/home?syncing=1,Syncing,Đang gửi bài đã lưu,Phase2 presentation fixture; not production service,L-012 | Syncing | responsive + screenshot,03_Kiem_thu/QA_QC/phase2/rebaseline_v2_20261001/screenshots/L-012_Syncing.png,READ_RUN_EVIDENCE,PENDING,No duplicate progress/reward from retries,QA-OFF-002; QA-OFF-007,"Original QA IDs are inherited references, not a claim those old cases passed on the new Flutter UI"
L-012,/home?syncing=1,partial,Đang gửi bài đã lưu,Phase2 presentation fixture; not production service,L-012 | partial | responsive + screenshot,03_Kiem_thu/QA_QC/phase2/rebaseline_v2_20261001/screenshots/L-012_partial.png,READ_RUN_EVIDENCE,PENDING,No duplicate progress/reward from retries,QA-OFF-002; QA-OFF-007,"Original QA IDs are inherited references, not a claim those old cases passed on the new Flutter UI"
L-020,/learn,Ready,Khám phá bài học,Phase2 presentation fixture; not production service,L-020 | Ready | responsive + screenshot,03_Kiem_thu/QA_QC/phase2/rebaseline_v2_20261001/screenshots/L-020_Ready.png,READ_RUN_EVIDENCE,PENDING,No infinite feed,QA-LRN-001; QA-LRN-019; QA-LRN-022; QA-LRN-023,"Original QA IDs are inherited references, not a claim those old cases passed on the new Flutter UI"
L-020,/learn,resume,Khám phá bài học,Phase2 presentation fixture; not production service,L-020 | resume | responsive + screenshot,03_Kiem_thu/QA_QC/phase2/rebaseline_v2_20261001/screenshots/L-020_resume.png,READ_RUN_EVIDENCE,PENDING,No infinite feed,QA-LRN-001; QA-LRN-019; QA-LRN-022; QA-LRN-023,"Original QA IDs are inherited references, not a claim those old cases passed on the new Flutter UI"
L-020,/learn,content-gap,Khám phá bài học,Phase2 presentation fixture; not production service,L-020 | content-gap | responsive + screenshot,03_Kiem_thu/QA_QC/phase2/rebaseline_v2_20261001/screenshots/L-020_content-gap.png,READ_RUN_EVIDENCE,PENDING,No infinite feed,QA-LRN-001; QA-LRN-019; QA-LRN-022; QA-LRN-023,"Original QA IDs are inherited references, not a claim those old cases passed on the new Flutter UI"
L-021,/learn/cycle/intro,Ready,Chào hỏi và làm quen,Phase2 presentation fixture; not production service,L-021 | Ready | responsive + screenshot,03_Kiem_thu/QA_QC/phase2/rebaseline_v2_20261001/screenshots/L-021_Ready.png,READ_RUN_EVIDENCE,PENDING,~5 min is configurable hypothesis; objective/reason explicit,QA-LRN-001; QA-LRN-002,"Original QA IDs are inherited references, not a claim those old cases passed on the new Flutter UI"
L-021,/learn/cycle/intro,offline-capable,Chào hỏi và làm quen,Phase2 presentation fixture; not production service,L-021 | offline-capable | responsive + screenshot,03_Kiem_thu/QA_QC/phase2/rebaseline_v2_20261001/screenshots/L-021_offline-capable.png,READ_RUN_EVIDENCE,PENDING,~5 min is configurable hypothesis; objective/reason explicit,QA-LRN-001; QA-LRN-002,"Original QA IDs are inherited references, not a claim those old cases passed on the new Flutter UI"
L-021,/learn/cycle/intro,content-unavailable,Chào hỏi và làm quen,Phase2 presentation fixture; not production service,L-021 | content-unavailable | responsive + screenshot,03_Kiem_thu/QA_QC/phase2/rebaseline_v2_20261001/screenshots/L-021_content-unavailable.png,READ_RUN_EVIDENCE,PENDING,~5 min is configurable hypothesis; objective/reason explicit,QA-LRN-001; QA-LRN-002,"Original QA IDs are inherited references, not a claim those old cases passed on the new Flutter UI"
L-022,/learn/cycle/review,Ready,Nhớ lại một chút,Phase2 presentation fixture; not production service,L-022 | Ready | responsive + screenshot,03_Kiem_thu/QA_QC/phase2/rebaseline_v2_20261001/screenshots/L-022_Ready.png,READ_RUN_EVIDENCE,PENDING,Blank submit is impossible; Skip is explicit and creates no completion/mastery.,QA-LRN-003; QA-LRN-009; QA-LRN-021,"Original QA IDs are inherited references, not a claim those old cases passed on the new Flutter UI"
L-022,/learn/cycle/review,selected,Nhớ lại một chút,Phase2 presentation fixture; not production service,L-022 | selected | responsive + screenshot,03_Kiem_thu/QA_QC/phase2/rebaseline_v2_20261001/screenshots/L-022_selected.png,READ_RUN_EVIDENCE,PENDING,Blank submit is impossible; Skip is explicit and creates no completion/mastery.,QA-LRN-003; QA-LRN-009; QA-LRN-021,"Original QA IDs are inherited references, not a claim those old cases passed on the new Flutter UI"
L-022,/learn/cycle/review,validation-error,Nhớ lại một chút,Phase2 presentation fixture; not production service,L-022 | validation-error | responsive + screenshot,03_Kiem_thu/QA_QC/phase2/rebaseline_v2_20261001/screenshots/L-022_validation-error.png,READ_RUN_EVIDENCE,PENDING,Blank submit is impossible; Skip is explicit and creates no completion/mastery.,QA-LRN-003; QA-LRN-009; QA-LRN-021,"Original QA IDs are inherited references, not a claim those old cases passed on the new Flutter UI"
L-022,/learn/cycle/review,submitted-result,Nhớ lại một chút,Phase2 presentation fixture; not production service,L-022 | submitted-result | responsive + screenshot,03_Kiem_thu/QA_QC/phase2/rebaseline_v2_20261001/screenshots/L-022_submitted-result.png,READ_RUN_EVIDENCE,PENDING,Blank submit is impossible; Skip is explicit and creates no completion/mastery.,QA-LRN-003; QA-LRN-009; QA-LRN-021,"Original QA IDs are inherited references, not a claim those old cases passed on the new Flutter UI"
L-022,/learn/cycle/review,skipped,Nhớ lại một chút,Phase2 presentation fixture; not production service,L-022 | skipped | responsive + screenshot,03_Kiem_thu/QA_QC/phase2/rebaseline_v2_20261001/screenshots/L-022_skipped.png,READ_RUN_EVIDENCE,PENDING,Blank submit is impossible; Skip is explicit and creates no completion/mastery.,QA-LRN-003; QA-LRN-009; QA-LRN-021,"Original QA IDs are inherited references, not a claim those old cases passed on the new Flutter UI"
L-023,/learn/cycle/learn,Ready,Một cách chào mới,Phase2 presentation fixture; not production service,L-023 | Ready | responsive + screenshot,03_Kiem_thu/QA_QC/phase2/rebaseline_v2_20261001/screenshots/L-023_Ready.png,READ_RUN_EVIDENCE,PENDING,Reading explanation alone is not mastery,QA-LRN-004; QA-LRN-005; QA-LRN-023,"Original QA IDs are inherited references, not a claim those old cases passed on the new Flutter UI"
L-023,/learn/cycle/learn,audio-loading,Một cách chào mới,Phase2 presentation fixture; not production service,L-023 | audio-loading | responsive + screenshot,03_Kiem_thu/QA_QC/phase2/rebaseline_v2_20261001/screenshots/L-023_audio-loading.png,READ_RUN_EVIDENCE,PENDING,Reading explanation alone is not mastery,QA-LRN-004; QA-LRN-005; QA-LRN-023,"Original QA IDs are inherited references, not a claim those old cases passed on the new Flutter UI"
L-023,/learn/cycle/learn,audio-unavailable,Một cách chào mới,Phase2 presentation fixture; not production service,L-023 | audio-unavailable | responsive + screenshot,03_Kiem_thu/QA_QC/phase2/rebaseline_v2_20261001/screenshots/L-023_audio-unavailable.png,READ_RUN_EVIDENCE,PENDING,Reading explanation alone is not mastery,QA-LRN-004; QA-LRN-005; QA-LRN-023,"Original QA IDs are inherited references, not a claim those old cases passed on the new Flutter UI"
L-024,/learn/cycle/retrieve,Ready,Thử tự nhớ,Phase2 presentation fixture; not production service,L-024 | Ready | responsive + screenshot,03_Kiem_thu/QA_QC/phase2/rebaseline_v2_20261001/screenshots/L-024_Ready.png,READ_RUN_EVIDENCE,PENDING,First response is preserved; assisted flag persists independently of feedback; one retry is the current configurable policy.,QA-LRN-006; QA-LRN-007; QA-LRN-008; QA-LRN-009,"Original QA IDs are inherited references, not a claim those old cases passed on the new Flutter UI"
L-024,/learn/cycle/retrieve,selected,Thử tự nhớ,Phase2 presentation fixture; not production service,L-024 | selected | responsive + screenshot,03_Kiem_thu/QA_QC/phase2/rebaseline_v2_20261001/screenshots/L-024_selected.png,READ_RUN_EVIDENCE,PENDING,First response is preserved; assisted flag persists independently of feedback; one retry is the current configurable policy.,QA-LRN-006; QA-LRN-007; QA-LRN-008; QA-LRN-009,"Original QA IDs are inherited references, not a claim those old cases passed on the new Flutter UI"
L-024,/learn/cycle/retrieve,hinted,Thử tự nhớ,Phase2 presentation fixture; not production service,L-024 | hinted | responsive + screenshot,03_Kiem_thu/QA_QC/phase2/rebaseline_v2_20261001/screenshots/L-024_hinted.png,READ_RUN_EVIDENCE,PENDING,First response is preserved; assisted flag persists independently of feedback; one retry is the current configurable policy.,QA-LRN-006; QA-LRN-007; QA-LRN-008; QA-LRN-009,"Original QA IDs are inherited references, not a claim those old cases passed on the new Flutter UI"
L-024,/learn/cycle/retrieve,submitted-result,Thử tự nhớ,Phase2 presentation fixture; not production service,L-024 | submitted-result | responsive + screenshot,03_Kiem_thu/QA_QC/phase2/rebaseline_v2_20261001/screenshots/L-024_submitted-result.png,READ_RUN_EVIDENCE,PENDING,First response is preserved; assisted flag persists independently of feedback; one retry is the current configurable policy.,QA-LRN-006; QA-LRN-007; QA-LRN-008; QA-LRN-009,"Original QA IDs are inherited references, not a claim those old cases passed on the new Flutter UI"
L-024,/learn/cycle/retrieve,retry-available,Thử tự nhớ,Phase2 presentation fixture; not production service,L-024 | retry-available | responsive + screenshot,03_Kiem_thu/QA_QC/phase2/rebaseline_v2_20261001/screenshots/L-024_retry-available.png,READ_RUN_EVIDENCE,PENDING,First response is preserved; assisted flag persists independently of feedback; one retry is the current configurable policy.,QA-LRN-006; QA-LRN-007; QA-LRN-008; QA-LRN-009,"Original QA IDs are inherited references, not a claim those old cases passed on the new Flutter UI"
L-024,/learn/cycle/retrieve,retry-exhausted,Thử tự nhớ,Phase2 presentation fixture; not production service,L-024 | retry-exhausted | responsive + screenshot,03_Kiem_thu/QA_QC/phase2/rebaseline_v2_20261001/screenshots/L-024_retry-exhausted.png,READ_RUN_EVIDENCE,PENDING,First response is preserved; assisted flag persists independently of feedback; one retry is the current configurable policy.,QA-LRN-006; QA-LRN-007; QA-LRN-008; QA-LRN-009,"Original QA IDs are inherited references, not a claim those old cases passed on the new Flutter UI"
L-024,/learn/cycle/retrieve,skipped,Thử tự nhớ,Phase2 presentation fixture; not production service,L-024 | skipped | responsive + screenshot,03_Kiem_thu/QA_QC/phase2/rebaseline_v2_20261001/screenshots/L-024_skipped.png,READ_RUN_EVIDENCE,PENDING,First response is preserved; assisted flag persists independently of feedback; one retry is the current configurable policy.,QA-LRN-006; QA-LRN-007; QA-LRN-008; QA-LRN-009,"Original QA IDs are inherited references, not a claim those old cases passed on the new Flutter UI"
L-025,/learn/cycle/transfer,Ready,Dùng trong tình huống mới,Phase2 presentation fixture; not production service,L-025 | Ready | responsive + screenshot,03_Kiem_thu/QA_QC/phase2/rebaseline_v2_20261001/screenshots/L-025_Ready.png,READ_RUN_EVIDENCE,PENDING,Blank submit is impossible; transfer is within objective and does not change level.,QA-LRN-005; QA-LRN-021,"Original QA IDs are inherited references, not a claim those old cases passed on the new Flutter UI"
L-025,/learn/cycle/transfer,selected,Dùng trong tình huống mới,Phase2 presentation fixture; not production service,L-025 | selected | responsive + screenshot,03_Kiem_thu/QA_QC/phase2/rebaseline_v2_20261001/screenshots/L-025_selected.png,READ_RUN_EVIDENCE,PENDING,Blank submit is impossible; transfer is within objective and does not change level.,QA-LRN-005; QA-LRN-021,"Original QA IDs are inherited references, not a claim those old cases passed on the new Flutter UI"
L-025,/learn/cycle/transfer,validation-error,Dùng trong tình huống mới,Phase2 presentation fixture; not production service,L-025 | validation-error | responsive + screenshot,03_Kiem_thu/QA_QC/phase2/rebaseline_v2_20261001/screenshots/L-025_validation-error.png,READ_RUN_EVIDENCE,PENDING,Blank submit is impossible; transfer is within objective and does not change level.,QA-LRN-005; QA-LRN-021,"Original QA IDs are inherited references, not a claim those old cases passed on the new Flutter UI"
L-025,/learn/cycle/transfer,submitted-result,Dùng trong tình huống mới,Phase2 presentation fixture; not production service,L-025 | submitted-result | responsive + screenshot,03_Kiem_thu/QA_QC/phase2/rebaseline_v2_20261001/screenshots/L-025_submitted-result.png,READ_RUN_EVIDENCE,PENDING,Blank submit is impossible; transfer is within objective and does not change level.,QA-LRN-005; QA-LRN-021,"Original QA IDs are inherited references, not a claim those old cases passed on the new Flutter UI"
L-025,/learn/cycle/transfer,skipped,Dùng trong tình huống mới,Phase2 presentation fixture; not production service,L-025 | skipped | responsive + screenshot,03_Kiem_thu/QA_QC/phase2/rebaseline_v2_20261001/screenshots/L-025_skipped.png,READ_RUN_EVIDENCE,PENDING,Blank submit is impossible; transfer is within objective and does not change level.,QA-LRN-005; QA-LRN-021,"Original QA IDs are inherited references, not a claim those old cases passed on the new Flutter UI"
L-026,/learn/cycle/check-intro,Ready,Thử không cần gợi ý,Phase2 presentation fixture; not production service,L-026 | Ready | responsive + screenshot,03_Kiem_thu/QA_QC/phase2/rebaseline_v2_20261001/screenshots/L-026_Ready.png,READ_RUN_EVIDENCE,PENDING,No pre-submit hint in Check,QA-LRN-013,"Original QA IDs are inherited references, not a claim those old cases passed on the new Flutter UI"
L-027,/learn/cycle/check,Ready,Chọn lời chào phù hợp,Phase2 presentation fixture; not production service,L-027 | Ready | responsive + screenshot,03_Kiem_thu/QA_QC/phase2/rebaseline_v2_20261001/screenshots/L-027_Ready.png,READ_RUN_EVIDENCE,PENDING,No pre-submit hint; blank submit impossible; Check has no practice retry; listening play requests are client telemetry only.,QA-LRN-013; QA-LRN-014; QA-LRN-021; QA-LRN-023,"Original QA IDs are inherited references, not a claim those old cases passed on the new Flutter UI"
L-027,/learn/cycle/check,selected,Chọn lời chào phù hợp,Phase2 presentation fixture; not production service,L-027 | selected | responsive + screenshot,03_Kiem_thu/QA_QC/phase2/rebaseline_v2_20261001/screenshots/L-027_selected.png,READ_RUN_EVIDENCE,PENDING,No pre-submit hint; blank submit impossible; Check has no practice retry; listening play requests are client telemetry only.,QA-LRN-013; QA-LRN-014; QA-LRN-021; QA-LRN-023,"Original QA IDs are inherited references, not a claim those old cases passed on the new Flutter UI"
L-027,/learn/cycle/check,validation-error,Chọn lời chào phù hợp,Phase2 presentation fixture; not production service,L-027 | validation-error | responsive + screenshot,03_Kiem_thu/QA_QC/phase2/rebaseline_v2_20261001/screenshots/L-027_validation-error.png,READ_RUN_EVIDENCE,PENDING,No pre-submit hint; blank submit impossible; Check has no practice retry; listening play requests are client telemetry only.,QA-LRN-013; QA-LRN-014; QA-LRN-021; QA-LRN-023,"Original QA IDs are inherited references, not a claim those old cases passed on the new Flutter UI"
L-027,/learn/cycle/check,submitting,Chọn lời chào phù hợp,Phase2 presentation fixture; not production service,L-027 | submitting | responsive + screenshot,03_Kiem_thu/QA_QC/phase2/rebaseline_v2_20261001/screenshots/L-027_submitting.png,READ_RUN_EVIDENCE,PENDING,No pre-submit hint; blank submit impossible; Check has no practice retry; listening play requests are client telemetry only.,QA-LRN-013; QA-LRN-014; QA-LRN-021; QA-LRN-023,"Original QA IDs are inherited references, not a claim those old cases passed on the new Flutter UI"
L-027,/learn/cycle/check,result,Chọn lời chào phù hợp,Phase2 presentation fixture; not production service,L-027 | result | responsive + screenshot,03_Kiem_thu/QA_QC/phase2/rebaseline_v2_20261001/screenshots/L-027_result.png,READ_RUN_EVIDENCE,PENDING,No pre-submit hint; blank submit impossible; Check has no practice retry; listening play requests are client telemetry only.,QA-LRN-013; QA-LRN-014; QA-LRN-021; QA-LRN-023,"Original QA IDs are inherited references, not a claim those old cases passed on the new Flutter UI"
L-027,/learn/cycle/check,audio-ready,Chọn lời chào phù hợp,Phase2 presentation fixture; not production service,L-027 | audio-ready | responsive + screenshot,03_Kiem_thu/QA_QC/phase2/rebaseline_v2_20261001/screenshots/L-027_audio-ready.png,READ_RUN_EVIDENCE,PENDING,No pre-submit hint; blank submit impossible; Check has no practice retry; listening play requests are client telemetry only.,QA-LRN-013; QA-LRN-014; QA-LRN-021; QA-LRN-023,"Original QA IDs are inherited references, not a claim those old cases passed on the new Flutter UI"
L-027,/learn/cycle/check,audio-unavailable,Chọn lời chào phù hợp,Phase2 presentation fixture; not production service,L-027 | audio-unavailable | responsive + screenshot,03_Kiem_thu/QA_QC/phase2/rebaseline_v2_20261001/screenshots/L-027_audio-unavailable.png,READ_RUN_EVIDENCE,PENDING,No pre-submit hint; blank submit impossible; Check has no practice retry; listening play requests are client telemetry only.,QA-LRN-013; QA-LRN-014; QA-LRN-021; QA-LRN-023,"Original QA IDs are inherited references, not a claim those old cases passed on the new Flutter UI"
L-027,/learn/cycle/check,play-limit-reached,Chọn lời chào phù hợp,Phase2 presentation fixture; not production service,L-027 | play-limit-reached | responsive + screenshot,03_Kiem_thu/QA_QC/phase2/rebaseline_v2_20261001/screenshots/L-027_play-limit-reached.png,READ_RUN_EVIDENCE,PENDING,No pre-submit hint; blank submit impossible; Check has no practice retry; listening play requests are client telemetry only.,QA-LRN-013; QA-LRN-014; QA-LRN-021; QA-LRN-023,"Original QA IDs are inherited references, not a claim those old cases passed on the new Flutter UI"
L-028,/learn/feedback/correct,Default,Bạn đã tìm ra rồi,Phase2 presentation fixture; not production service,L-028 | Default | responsive + screenshot,03_Kiem_thu/QA_QC/phase2/rebaseline_v2_20261001/screenshots/L-028_Default.png,READ_RUN_EVIDENCE,PENDING,Reward/copy cannot imply validated mastery from one answer,QA-LRN-006,"Original QA IDs are inherited references, not a claim those old cases passed on the new Flutter UI"
L-029,/learn/feedback/retry,Retry available,Thử thêm một lần,Phase2 presentation fixture; not production service,L-029 | Retry available | responsive + screenshot,03_Kiem_thu/QA_QC/phase2/rebaseline_v2_20261001/screenshots/L-029_Retry_available.png,READ_RUN_EVIDENCE,PENDING,Retry correct never overwrites first wrong,QA-LRN-007,"Original QA IDs are inherited references, not a claim those old cases passed on the new Flutter UI"
L-029,/learn/feedback/retry,retry used,Thử thêm một lần,Phase2 presentation fixture; not production service,L-029 | retry used | responsive + screenshot,03_Kiem_thu/QA_QC/phase2/rebaseline_v2_20261001/screenshots/L-029_retry_used.png,READ_RUN_EVIDENCE,PENDING,Retry correct never overwrites first wrong,QA-LRN-007,"Original QA IDs are inherited references, not a claim those old cases passed on the new Flutter UI"
L-029,/learn/feedback/retry,retry exhausted,Thử thêm một lần,Phase2 presentation fixture; not production service,L-029 | retry exhausted | responsive + screenshot,03_Kiem_thu/QA_QC/phase2/rebaseline_v2_20261001/screenshots/L-029_retry_exhausted.png,READ_RUN_EVIDENCE,PENDING,Retry correct never overwrites first wrong,QA-LRN-007,"Original QA IDs are inherited references, not a claim those old cases passed on the new Flutter UI"
L-030,/learn/hint,Default,Một gợi ý nhỏ,Phase2 presentation fixture; not production service,L-030 | Default | responsive + screenshot,03_Kiem_thu/QA_QC/phase2/rebaseline_v2_20261001/screenshots/L-030_Default.png,READ_RUN_EVIDENCE,PENDING,Hint use marks evidence assisted,QA-LRN-008,"Original QA IDs are inherited references, not a claim those old cases passed on the new Flutter UI"
L-030,/learn/hint,unavailable,Một gợi ý nhỏ,Phase2 presentation fixture; not production service,L-030 | unavailable | responsive + screenshot,03_Kiem_thu/QA_QC/phase2/rebaseline_v2_20261001/screenshots/L-030_unavailable.png,READ_RUN_EVIDENCE,PENDING,Hint use marks evidence assisted,QA-LRN-008,"Original QA IDs are inherited references, not a claim those old cases passed on the new Flutter UI"
L-031,/learn/skip,Default,Bạn có thể quay lại,Phase2 presentation fixture; not production service,L-031 | Default | responsive + screenshot,03_Kiem_thu/QA_QC/phase2/rebaseline_v2_20261001/screenshots/L-031_Default.png,READ_RUN_EVIDENCE,PENDING,Skip != completion/mastery/streak,QA-LRN-009; QA-BIZ-003,"Original QA IDs are inherited references, not a claim those old cases passed on the new Flutter UI"
L-032,/learn/cycle/summary,Complete,Những gì bạn vừa luyện,Phase2 presentation fixture; not production service,L-032 | Complete | responsive + screenshot,03_Kiem_thu/QA_QC/phase2/rebaseline_v2_20261001/screenshots/L-032_Complete.png,READ_RUN_EVIDENCE,PENDING,No fake mastery %; user explicitly starts another cycle,QA-LRN-001; QA-LRN-012,"Original QA IDs are inherited references, not a claim those old cases passed on the new Flutter UI"
L-032,/learn/cycle/summary,partial,Những gì bạn vừa luyện,Phase2 presentation fixture; not production service,L-032 | partial | responsive + screenshot,03_Kiem_thu/QA_QC/phase2/rebaseline_v2_20261001/screenshots/L-032_partial.png,READ_RUN_EVIDENCE,PENDING,No fake mastery %; user explicitly starts another cycle,QA-LRN-001; QA-LRN-012,"Original QA IDs are inherited references, not a claim those old cases passed on the new Flutter UI"
L-032,/learn/cycle/summary,sync-queued,Những gì bạn vừa luyện,Phase2 presentation fixture; not production service,L-032 | sync-queued | responsive + screenshot,03_Kiem_thu/QA_QC/phase2/rebaseline_v2_20261001/screenshots/L-032_sync-queued.png,READ_RUN_EVIDENCE,PENDING,No fake mastery %; user explicitly starts another cycle,QA-LRN-001; QA-LRN-012,"Original QA IDs are inherited references, not a claim those old cases passed on the new Flutter UI"
L-033,/learn/resume,Resume,Tiếp tục từ đây,Phase2 presentation fixture; not production service,L-033 | Resume | responsive + screenshot,03_Kiem_thu/QA_QC/phase2/rebaseline_v2_20261001/screenshots/L-033_Resume.png,READ_RUN_EVIDENCE,PENDING,No duplicate submit on resume,QA-LRN-020; QA-OFF-005,"Original QA IDs are inherited references, not a claim those old cases passed on the new Flutter UI"
L-033,/learn/resume,stale-content refresh,Tiếp tục từ đây,Phase2 presentation fixture; not production service,L-033 | stale-content refresh | responsive + screenshot,03_Kiem_thu/QA_QC/phase2/rebaseline_v2_20261001/screenshots/L-033_stale-content_refresh.png,READ_RUN_EVIDENCE,PENDING,No duplicate submit on resume,QA-LRN-020; QA-OFF-005,"Original QA IDs are inherited references, not a claim those old cases passed on the new Flutter UI"
L-040,/course,Open,Lộ trình của bạn,Phase2 presentation fixture; not production service,L-040 | Open | responsive + screenshot,03_Kiem_thu/QA_QC/phase2/rebaseline_v2_20261001/screenshots/L-040_Open.png,READ_RUN_EVIDENCE,PENDING,Preview does not unlock/progress,QA-LRN-018,"Original QA IDs are inherited references, not a claim those old cases passed on the new Flutter UI"
L-040,/course,due-review,Lộ trình của bạn,Phase2 presentation fixture; not production service,L-040 | due-review | responsive + screenshot,03_Kiem_thu/QA_QC/phase2/rebaseline_v2_20261001/screenshots/L-040_due-review.png,READ_RUN_EVIDENCE,PENDING,Preview does not unlock/progress,QA-LRN-018,"Original QA IDs are inherited references, not a claim those old cases passed on the new Flutter UI"
L-040,/course,locked,Lộ trình của bạn,Phase2 presentation fixture; not production service,L-040 | locked | responsive + screenshot,03_Kiem_thu/QA_QC/phase2/rebaseline_v2_20261001/screenshots/L-040_locked.png,READ_RUN_EVIDENCE,PENDING,Preview does not unlock/progress,QA-LRN-018,"Original QA IDs are inherited references, not a claim those old cases passed on the new Flutter UI"
L-040,/course,empty,Lộ trình của bạn,Phase2 presentation fixture; not production service,L-040 | empty | responsive + screenshot,03_Kiem_thu/QA_QC/phase2/rebaseline_v2_20261001/screenshots/L-040_empty.png,READ_RUN_EVIDENCE,PENDING,Preview does not unlock/progress,QA-LRN-018,"Original QA IDs are inherited references, not a claim those old cases passed on the new Flutter UI"
L-041,/course/objective/:id,Eligible,Chào hỏi cơ bản,Phase2 presentation fixture; not production service,L-041 | Eligible | responsive + screenshot,03_Kiem_thu/QA_QC/phase2/rebaseline_v2_20261001/screenshots/L-041_Eligible.png,READ_RUN_EVIDENCE,PENDING,Prerequisite guardrail remains authoritative,QA-BIZ-006; QA-BIZ-007; QA-BIZ-012,"Original QA IDs are inherited references, not a claim those old cases passed on the new Flutter UI"
L-041,/course/objective/:id,due,Chào hỏi cơ bản,Phase2 presentation fixture; not production service,L-041 | due | responsive + screenshot,03_Kiem_thu/QA_QC/phase2/rebaseline_v2_20261001/screenshots/L-041_due.png,READ_RUN_EVIDENCE,PENDING,Prerequisite guardrail remains authoritative,QA-BIZ-006; QA-BIZ-007; QA-BIZ-012,"Original QA IDs are inherited references, not a claim those old cases passed on the new Flutter UI"
L-041,/course/objective/:id,locked,Chào hỏi cơ bản,Phase2 presentation fixture; not production service,L-041 | locked | responsive + screenshot,03_Kiem_thu/QA_QC/phase2/rebaseline_v2_20261001/screenshots/L-041_locked.png,READ_RUN_EVIDENCE,PENDING,Prerequisite guardrail remains authoritative,QA-BIZ-006; QA-BIZ-007; QA-BIZ-012,"Original QA IDs are inherited references, not a claim those old cases passed on the new Flutter UI"
L-041,/course/objective/:id,insufficient-evidence,Chào hỏi cơ bản,Phase2 presentation fixture; not production service,L-041 | insufficient-evidence | responsive + screenshot,03_Kiem_thu/QA_QC/phase2/rebaseline_v2_20261001/screenshots/L-041_insufficient-evidence.png,READ_RUN_EVIDENCE,PENDING,Prerequisite guardrail remains authoritative,QA-BIZ-006; QA-BIZ-007; QA-BIZ-012,"Original QA IDs are inherited references, not a claim those old cases passed on the new Flutter UI"
L-042,/course/objective/:id/preview,Preview-open,Bài học phía trước,Phase2 presentation fixture; not production service,L-042 | Preview-open | responsive + screenshot,03_Kiem_thu/QA_QC/phase2/rebaseline_v2_20261001/screenshots/L-042_Preview-open.png,READ_RUN_EVIDENCE,PENDING,"Preview cannot create evidence, progress, completion, prerequisite bypass or unlock.",QA-LRN-018,"Original QA IDs are inherited references, not a claim those old cases passed on the new Flutter UI"
L-042,/course/objective/:id/preview,preview-close,Bài học phía trước,Phase2 presentation fixture; not production service,L-042 | preview-close | responsive + screenshot,03_Kiem_thu/QA_QC/phase2/rebaseline_v2_20261001/screenshots/L-042_preview-close.png,READ_RUN_EVIDENCE,PENDING,"Preview cannot create evidence, progress, completion, prerequisite bypass or unlock.",QA-LRN-018,"Original QA IDs are inherited references, not a claim those old cases passed on the new Flutter UI"
L-050,/profile,Default,Góc của bạn,Phase2 presentation fixture; not production service,L-050 | Default | responsive + screenshot,03_Kiem_thu/QA_QC/phase2/rebaseline_v2_20261001/screenshots/L-050_Default.png,READ_RUN_EVIDENCE,PENDING,Engagement/streak not presented as mastery,QA-LRN-017; QA-BIZ-009; QA-BIZ-010,"Original QA IDs are inherited references, not a claim those old cases passed on the new Flutter UI"
L-050,/profile,insufficient-evidence,Góc của bạn,Phase2 presentation fixture; not production service,L-050 | insufficient-evidence | responsive + screenshot,03_Kiem_thu/QA_QC/phase2/rebaseline_v2_20261001/screenshots/L-050_insufficient-evidence.png,READ_RUN_EVIDENCE,PENDING,Engagement/streak not presented as mastery,QA-LRN-017; QA-BIZ-009; QA-BIZ-010,"Original QA IDs are inherited references, not a claim those old cases passed on the new Flutter UI"
L-051,/profile/evidence/:domain,Building,Điều bạn đã thực hành,Phase2 presentation fixture; not production service,L-051 | Building | responsive + screenshot,03_Kiem_thu/QA_QC/phase2/rebaseline_v2_20261001/screenshots/L-051_Building.png,READ_RUN_EVIDENCE,PENDING,No diagnosis or precise mastery percentage without validated model,QA-LRN-017,"Original QA IDs are inherited references, not a claim those old cases passed on the new Flutter UI"
L-051,/profile/evidence/:domain,more-evidence-needed,Điều bạn đã thực hành,Phase2 presentation fixture; not production service,L-051 | more-evidence-needed | responsive + screenshot,03_Kiem_thu/QA_QC/phase2/rebaseline_v2_20261001/screenshots/L-051_more-evidence-needed.png,READ_RUN_EVIDENCE,PENDING,No diagnosis or precise mastery percentage without validated model,QA-LRN-017,"Original QA IDs are inherited references, not a claim those old cases passed on the new Flutter UI"
L-052,/profile/goal,Default,Mục tiêu học tập,Phase2 presentation fixture; not production service,L-052 | Default | responsive + screenshot,03_Kiem_thu/QA_QC/phase2/rebaseline_v2_20261001/screenshots/L-052_Default.png,READ_RUN_EVIDENCE,PENDING,Goal change does not rewrite competence,QA-BIZ-008,"Original QA IDs are inherited references, not a claim those old cases passed on the new Flutter UI"
L-052,/profile/goal,saved,Mục tiêu học tập,Phase2 presentation fixture; not production service,L-052 | saved | responsive + screenshot,03_Kiem_thu/QA_QC/phase2/rebaseline_v2_20261001/screenshots/L-052_saved.png,READ_RUN_EVIDENCE,PENDING,Goal change does not rewrite competence,QA-BIZ-008,"Original QA IDs are inherited references, not a claim those old cases passed on the new Flutter UI"
L-052,/profile/goal,error,Mục tiêu học tập,Phase2 presentation fixture; not production service,L-052 | error | responsive + screenshot,03_Kiem_thu/QA_QC/phase2/rebaseline_v2_20261001/screenshots/L-052_error.png,READ_RUN_EVIDENCE,PENDING,Goal change does not rewrite competence,QA-BIZ-008,"Original QA IDs are inherited references, not a claim those old cases passed on the new Flutter UI"
L-053,/profile/preferences,Default,Cách bạn muốn học,Phase2 presentation fixture; not production service,L-053 | Default | responsive + screenshot,03_Kiem_thu/QA_QC/phase2/rebaseline_v2_20261001/screenshots/L-053_Default.png,READ_RUN_EVIDENCE,PENDING,Preference cannot bypass required eligibility rules,QA-ACC-005,"Original QA IDs are inherited references, not a claim those old cases passed on the new Flutter UI"
L-053,/profile/preferences,saved,Cách bạn muốn học,Phase2 presentation fixture; not production service,L-053 | saved | responsive + screenshot,03_Kiem_thu/QA_QC/phase2/rebaseline_v2_20261001/screenshots/L-053_saved.png,READ_RUN_EVIDENCE,PENDING,Preference cannot bypass required eligibility rules,QA-ACC-005,"Original QA IDs are inherited references, not a claim those old cases passed on the new Flutter UI"
L-054,/profile/offline,Available,Bài học ngoại tuyến,Phase2 presentation fixture; not production service,L-054 | Available | responsive + screenshot,03_Kiem_thu/QA_QC/phase2/rebaseline_v2_20261001/screenshots/L-054_Available.png,READ_RUN_EVIDENCE,PENDING,Access grant/package rules remain server-authoritative,QA-OFF-001,"Original QA IDs are inherited references, not a claim those old cases passed on the new Flutter UI"
L-054,/profile/offline,downloading,Bài học ngoại tuyến,Phase2 presentation fixture; not production service,L-054 | downloading | responsive + screenshot,03_Kiem_thu/QA_QC/phase2/rebaseline_v2_20261001/screenshots/L-054_downloading.png,READ_RUN_EVIDENCE,PENDING,Access grant/package rules remain server-authoritative,QA-OFF-001,"Original QA IDs are inherited references, not a claim those old cases passed on the new Flutter UI"
L-054,/profile/offline,downloaded,Bài học ngoại tuyến,Phase2 presentation fixture; not production service,L-054 | downloaded | responsive + screenshot,03_Kiem_thu/QA_QC/phase2/rebaseline_v2_20261001/screenshots/L-054_downloaded.png,READ_RUN_EVIDENCE,PENDING,Access grant/package rules remain server-authoritative,QA-OFF-001,"Original QA IDs are inherited references, not a claim those old cases passed on the new Flutter UI"
L-054,/profile/offline,expired,Bài học ngoại tuyến,Phase2 presentation fixture; not production service,L-054 | expired | responsive + screenshot,03_Kiem_thu/QA_QC/phase2/rebaseline_v2_20261001/screenshots/L-054_expired.png,READ_RUN_EVIDENCE,PENDING,Access grant/package rules remain server-authoritative,QA-OFF-001,"Original QA IDs are inherited references, not a claim those old cases passed on the new Flutter UI"
L-054,/profile/offline,failed,Bài học ngoại tuyến,Phase2 presentation fixture; not production service,L-054 | failed | responsive + screenshot,03_Kiem_thu/QA_QC/phase2/rebaseline_v2_20261001/screenshots/L-054_failed.png,READ_RUN_EVIDENCE,PENDING,Access grant/package rules remain server-authoritative,QA-OFF-001,"Original QA IDs are inherited references, not a claim those old cases passed on the new Flutter UI"
L-060,/sync,offline-available,Bài đã lưu trên máy,Phase2 presentation fixture; not production service,L-060 | offline-available | responsive + screenshot,03_Kiem_thu/QA_QC/phase2/rebaseline_v2_20261001/screenshots/L-060_offline-available.png,READ_RUN_EVIDENCE,PENDING,Connectivity and server acknowledgement are distinct; Synced appears only after authoritative acknowledgement/canonical refresh.,QA-OFF-001; QA-OFF-002; QA-OFF-007,"Original QA IDs are inherited references, not a claim those old cases passed on the new Flutter UI"
L-060,/sync,local-queued,Bài đã lưu trên máy,Phase2 presentation fixture; not production service,L-060 | local-queued | responsive + screenshot,03_Kiem_thu/QA_QC/phase2/rebaseline_v2_20261001/screenshots/L-060_local-queued.png,READ_RUN_EVIDENCE,PENDING,Connectivity and server acknowledgement are distinct; Synced appears only after authoritative acknowledgement/canonical refresh.,QA-OFF-001; QA-OFF-002; QA-OFF-007,"Original QA IDs are inherited references, not a claim those old cases passed on the new Flutter UI"
L-060,/sync,syncing,Bài đã lưu trên máy,Phase2 presentation fixture; not production service,L-060 | syncing | responsive + screenshot,03_Kiem_thu/QA_QC/phase2/rebaseline_v2_20261001/screenshots/L-060_syncing.png,READ_RUN_EVIDENCE,PENDING,Connectivity and server acknowledgement are distinct; Synced appears only after authoritative acknowledgement/canonical refresh.,QA-OFF-001; QA-OFF-002; QA-OFF-007,"Original QA IDs are inherited references, not a claim those old cases passed on the new Flutter UI"
L-060,/sync,synced,Bài đã lưu trên máy,Phase2 presentation fixture; not production service,L-060 | synced | responsive + screenshot,03_Kiem_thu/QA_QC/phase2/rebaseline_v2_20261001/screenshots/L-060_synced.png,READ_RUN_EVIDENCE,PENDING,Connectivity and server acknowledgement are distinct; Synced appears only after authoritative acknowledgement/canonical refresh.,QA-OFF-001; QA-OFF-002; QA-OFF-007,"Original QA IDs are inherited references, not a claim those old cases passed on the new Flutter UI"
L-060,/sync,partial,Bài đã lưu trên máy,Phase2 presentation fixture; not production service,L-060 | partial | responsive + screenshot,03_Kiem_thu/QA_QC/phase2/rebaseline_v2_20261001/screenshots/L-060_partial.png,READ_RUN_EVIDENCE,PENDING,Connectivity and server acknowledgement are distinct; Synced appears only after authoritative acknowledgement/canonical refresh.,QA-OFF-001; QA-OFF-002; QA-OFF-007,"Original QA IDs are inherited references, not a claim those old cases passed on the new Flutter UI"
L-061,/sync/error,failed-retryable,Cần bạn kiểm tra,Phase2 presentation fixture; not production service,L-061 | failed-retryable | responsive + screenshot,03_Kiem_thu/QA_QC/phase2/rebaseline_v2_20261001/screenshots/L-061_failed-retryable.png,READ_RUN_EVIDENCE,PENDING,Recovery reuses durable command identity; local state never overwrites server truth.,QA-OFF-003; QA-OFF-004; QA-OFF-007,"Original QA IDs are inherited references, not a claim those old cases passed on the new Flutter UI"
L-061,/sync/error,reauth,Cần bạn kiểm tra,Phase2 presentation fixture; not production service,L-061 | reauth | responsive + screenshot,03_Kiem_thu/QA_QC/phase2/rebaseline_v2_20261001/screenshots/L-061_reauth.png,READ_RUN_EVIDENCE,PENDING,Recovery reuses durable command identity; local state never overwrites server truth.,QA-OFF-003; QA-OFF-004; QA-OFF-007,"Original QA IDs are inherited references, not a claim those old cases passed on the new Flutter UI"
L-061,/sync/error,canonical-refresh,Cần bạn kiểm tra,Phase2 presentation fixture; not production service,L-061 | canonical-refresh | responsive + screenshot,03_Kiem_thu/QA_QC/phase2/rebaseline_v2_20261001/screenshots/L-061_canonical-refresh.png,READ_RUN_EVIDENCE,PENDING,Recovery reuses durable command identity; local state never overwrites server truth.,QA-OFF-003; QA-OFF-004; QA-OFF-007,"Original QA IDs are inherited references, not a claim those old cases passed on the new Flutter UI"
L-061,/sync/error,media-unavailable,Cần bạn kiểm tra,Phase2 presentation fixture; not production service,L-061 | media-unavailable | responsive + screenshot,03_Kiem_thu/QA_QC/phase2/rebaseline_v2_20261001/screenshots/L-061_media-unavailable.png,READ_RUN_EVIDENCE,PENDING,Recovery reuses durable command identity; local state never overwrites server truth.,QA-OFF-003; QA-OFF-004; QA-OFF-007,"Original QA IDs are inherited references, not a claim those old cases passed on the new Flutter UI"
L-062,/error,Recoverable,Mình thử lại nhé,Phase2 presentation fixture; not production service,L-062 | Recoverable | responsive + screenshot,03_Kiem_thu/QA_QC/phase2/rebaseline_v2_20261001/screenshots/L-062_Recoverable.png,READ_RUN_EVIDENCE,PENDING,No false success state,QA-OFF-003,"Original QA IDs are inherited references, not a claim those old cases passed on the new Flutter UI"
L-062,/error,fatal,Mình thử lại nhé,Phase2 presentation fixture; not production service,L-062 | fatal | responsive + screenshot,03_Kiem_thu/QA_QC/phase2/rebaseline_v2_20261001/screenshots/L-062_fatal.png,READ_RUN_EVIDENCE,PENDING,No false success state,QA-OFF-003,"Original QA IDs are inherited references, not a claim those old cases passed on the new Flutter UI"
L-063,/learn/empty,Nothing-due,Sẵn sàng khi bạn muốn,Phase2 presentation fixture; not production service,L-063 | Nothing-due | responsive + screenshot,03_Kiem_thu/QA_QC/phase2/rebaseline_v2_20261001/screenshots/L-063_Nothing-due.png,READ_RUN_EVIDENCE,PENDING,Do not fabricate cycle/recommendation,QA-LRN-019,"Original QA IDs are inherited references, not a claim those old cases passed on the new Flutter UI"
L-063,/learn/empty,no-valid-cycle,Sẵn sàng khi bạn muốn,Phase2 presentation fixture; not production service,L-063 | no-valid-cycle | responsive + screenshot,03_Kiem_thu/QA_QC/phase2/rebaseline_v2_20261001/screenshots/L-063_no-valid-cycle.png,READ_RUN_EVIDENCE,PENDING,Do not fabricate cycle/recommendation,QA-LRN-019,"Original QA IDs are inherited references, not a claim those old cases passed on the new Flutter UI"
L-063,/learn/empty,media-unavailable,Sẵn sàng khi bạn muốn,Phase2 presentation fixture; not production service,L-063 | media-unavailable | responsive + screenshot,03_Kiem_thu/QA_QC/phase2/rebaseline_v2_20261001/screenshots/L-063_media-unavailable.png,READ_RUN_EVIDENCE,PENDING,Do not fabricate cycle/recommendation,QA-LRN-019,"Original QA IDs are inherited references, not a claim those old cases passed on the new Flutter UI"
L-064,/reauth,Default,Cần đăng nhập lại,Phase2 presentation fixture; not production service,L-064 | Default | responsive + screenshot,03_Kiem_thu/QA_QC/phase2/rebaseline_v2_20261001/screenshots/L-064_Default.png,READ_RUN_EVIDENCE,PENDING,Phase 3 implements auth; no local permission bypass,QA-OFF-006,"Original QA IDs are inherited references, not a claim those old cases passed on the new Flutter UI"
S-001,/staff,Loading,Không gian nhân viên,Phase2 presentation fixture; not production service,S-001 | Loading | responsive + screenshot,03_Kiem_thu/QA_QC/phase2/rebaseline_v2_20261001/screenshots/S-001_Loading.png,READ_RUN_EVIDENCE,PENDING,Actual authentication/authorization belongs Phase 3,QC-003; QA-NAV-003,"Original QA IDs are inherited references, not a claim those old cases passed on the new Flutter UI"
S-001,/staff,access-required,Không gian nhân viên,Phase2 presentation fixture; not production service,S-001 | access-required | responsive + screenshot,03_Kiem_thu/QA_QC/phase2/rebaseline_v2_20261001/screenshots/S-001_access-required.png,READ_RUN_EVIDENCE,PENDING,Actual authentication/authorization belongs Phase 3,QC-003; QA-NAV-003,"Original QA IDs are inherited references, not a claim those old cases passed on the new Flutter UI"
S-010,/staff/dashboard,Default,Công việc hôm nay,Phase2 presentation fixture; not production service,S-010 | Default | responsive + screenshot,03_Kiem_thu/QA_QC/phase2/rebaseline_v2_20261001/screenshots/S-010_Default.png,READ_RUN_EVIDENCE,PENDING,Metrics must identify time range/source,QA-STF-001; QA-ACC-011,"Original QA IDs are inherited references, not a claim those old cases passed on the new Flutter UI"
S-010,/staff/dashboard,empty,Công việc hôm nay,Phase2 presentation fixture; not production service,S-010 | empty | responsive + screenshot,03_Kiem_thu/QA_QC/phase2/rebaseline_v2_20261001/screenshots/S-010_empty.png,READ_RUN_EVIDENCE,PENDING,Metrics must identify time range/source,QA-STF-001; QA-ACC-011,"Original QA IDs are inherited references, not a claim those old cases passed on the new Flutter UI"
S-010,/staff/dashboard,partial,Công việc hôm nay,Phase2 presentation fixture; not production service,S-010 | partial | responsive + screenshot,03_Kiem_thu/QA_QC/phase2/rebaseline_v2_20261001/screenshots/S-010_partial.png,READ_RUN_EVIDENCE,PENDING,Metrics must identify time range/source,QA-STF-001; QA-ACC-011,"Original QA IDs are inherited references, not a claim those old cases passed on the new Flutter UI"
S-020,/staff/learners,Loading,Học viên,Phase2 presentation fixture; not production service,S-020 | Loading | responsive + screenshot,03_Kiem_thu/QA_QC/phase2/rebaseline_v2_20261001/screenshots/S-020_Loading.png,READ_RUN_EVIDENCE,PENDING,Role visibility is not authorization,QA-STF-002; QA-ACC-012,"Original QA IDs are inherited references, not a claim those old cases passed on the new Flutter UI"
S-020,/staff/learners,empty,Học viên,Phase2 presentation fixture; not production service,S-020 | empty | responsive + screenshot,03_Kiem_thu/QA_QC/phase2/rebaseline_v2_20261001/screenshots/S-020_empty.png,READ_RUN_EVIDENCE,PENDING,Role visibility is not authorization,QA-STF-002; QA-ACC-012,"Original QA IDs are inherited references, not a claim those old cases passed on the new Flutter UI"
S-020,/staff/learners,filtered,Học viên,Phase2 presentation fixture; not production service,S-020 | filtered | responsive + screenshot,03_Kiem_thu/QA_QC/phase2/rebaseline_v2_20261001/screenshots/S-020_filtered.png,READ_RUN_EVIDENCE,PENDING,Role visibility is not authorization,QA-STF-002; QA-ACC-012,"Original QA IDs are inherited references, not a claim those old cases passed on the new Flutter UI"
S-020,/staff/learners,error,Học viên,Phase2 presentation fixture; not production service,S-020 | error | responsive + screenshot,03_Kiem_thu/QA_QC/phase2/rebaseline_v2_20261001/screenshots/S-020_error.png,READ_RUN_EVIDENCE,PENDING,Role visibility is not authorization,QA-STF-002; QA-ACC-012,"Original QA IDs are inherited references, not a claim those old cases passed on the new Flutter UI"
S-021,/staff/learners/:id,Default,Hồ sơ học viên,Phase2 presentation fixture; not production service,S-021 | Default | responsive + screenshot,03_Kiem_thu/QA_QC/phase2/rebaseline_v2_20261001/screenshots/S-021_Default.png,READ_RUN_EVIDENCE,PENDING,No mental-state diagnosis; raw risk not default to content admin,QA-STF-003,"Original QA IDs are inherited references, not a claim those old cases passed on the new Flutter UI"
S-021,/staff/learners/:id,insufficient-evidence,Hồ sơ học viên,Phase2 presentation fixture; not production service,S-021 | insufficient-evidence | responsive + screenshot,03_Kiem_thu/QA_QC/phase2/rebaseline_v2_20261001/screenshots/S-021_insufficient-evidence.png,READ_RUN_EVIDENCE,PENDING,No mental-state diagnosis; raw risk not default to content admin,QA-STF-003,"Original QA IDs are inherited references, not a claim those old cases passed on the new Flutter UI"
S-021,/staff/learners/:id,access-denied,Hồ sơ học viên,Phase2 presentation fixture; not production service,S-021 | access-denied | responsive + screenshot,03_Kiem_thu/QA_QC/phase2/rebaseline_v2_20261001/screenshots/S-021_access-denied.png,READ_RUN_EVIDENCE,PENDING,No mental-state diagnosis; raw risk not default to content admin,QA-STF-003,"Original QA IDs are inherited references, not a claim those old cases passed on the new Flutter UI"
S-022,/staff/learners/:id/evidence,Loading,Bằng chứng học tập,Phase2 presentation fixture; not production service,S-022 | Loading | responsive + screenshot,03_Kiem_thu/QA_QC/phase2/rebaseline_v2_20261001/screenshots/S-022_Loading.png,READ_RUN_EVIDENCE,PENDING,Mastery != risk; uncertainty visible,QA-STF-003,"Original QA IDs are inherited references, not a claim those old cases passed on the new Flutter UI"
S-022,/staff/learners/:id/evidence,no-evidence,Bằng chứng học tập,Phase2 presentation fixture; not production service,S-022 | no-evidence | responsive + screenshot,03_Kiem_thu/QA_QC/phase2/rebaseline_v2_20261001/screenshots/S-022_no-evidence.png,READ_RUN_EVIDENCE,PENDING,Mastery != risk; uncertainty visible,QA-STF-003,"Original QA IDs are inherited references, not a claim those old cases passed on the new Flutter UI"
S-023,/staff/learners/:id/activity,Default,Hoạt động gần đây,Phase2 presentation fixture; not production service,S-023 | Default | responsive + screenshot,03_Kiem_thu/QA_QC/phase2/rebaseline_v2_20261001/screenshots/S-023_Default.png,READ_RUN_EVIDENCE,PENDING,Historical revision pinning preserved,QA-STF-003,"Original QA IDs are inherited references, not a claim those old cases passed on the new Flutter UI"
S-023,/staff/learners/:id/activity,empty,Hoạt động gần đây,Phase2 presentation fixture; not production service,S-023 | empty | responsive + screenshot,03_Kiem_thu/QA_QC/phase2/rebaseline_v2_20261001/screenshots/S-023_empty.png,READ_RUN_EVIDENCE,PENDING,Historical revision pinning preserved,QA-STF-003,"Original QA IDs are inherited references, not a claim those old cases passed on the new Flutter UI"
S-030,/staff/content,Default,Nội dung học,Phase2 presentation fixture; not production service,S-030 | Default | responsive + screenshot,03_Kiem_thu/QA_QC/phase2/rebaseline_v2_20261001/screenshots/S-030_Default.png,READ_RUN_EVIDENCE,PENDING,Published revision immutable,QA-STF-004; QA-STF-011,"Original QA IDs are inherited references, not a claim those old cases passed on the new Flutter UI"
S-030,/staff/content,empty,Nội dung học,Phase2 presentation fixture; not production service,S-030 | empty | responsive + screenshot,03_Kiem_thu/QA_QC/phase2/rebaseline_v2_20261001/screenshots/S-030_empty.png,READ_RUN_EVIDENCE,PENDING,Published revision immutable,QA-STF-004; QA-STF-011,"Original QA IDs are inherited references, not a claim those old cases passed on the new Flutter UI"
S-030,/staff/content,filtered,Nội dung học,Phase2 presentation fixture; not production service,S-030 | filtered | responsive + screenshot,03_Kiem_thu/QA_QC/phase2/rebaseline_v2_20261001/screenshots/S-030_filtered.png,READ_RUN_EVIDENCE,PENDING,Published revision immutable,QA-STF-004; QA-STF-011,"Original QA IDs are inherited references, not a claim those old cases passed on the new Flutter UI"
S-031,/staff/content/drafts/:id,clean,Soạn bài học,Phase2 presentation fixture; not production service,S-031 | clean | responsive + screenshot,03_Kiem_thu/QA_QC/phase2/rebaseline_v2_20261001/screenshots/S-031_clean.png,READ_RUN_EVIDENCE,PENDING,Fields have programmatic labels; preview/save/review transitions are explicit; published bytes are never edited.,QA-STF-004; QA-ACC-007; QA-ACC-013; QA-HO-001,"Original QA IDs are inherited references, not a claim those old cases passed on the new Flutter UI"
S-031,/staff/content/drafts/:id,dirty,Soạn bài học,Phase2 presentation fixture; not production service,S-031 | dirty | responsive + screenshot,03_Kiem_thu/QA_QC/phase2/rebaseline_v2_20261001/screenshots/S-031_dirty.png,READ_RUN_EVIDENCE,PENDING,Fields have programmatic labels; preview/save/review transitions are explicit; published bytes are never edited.,QA-STF-004; QA-ACC-007; QA-ACC-013; QA-HO-001,"Original QA IDs are inherited references, not a claim those old cases passed on the new Flutter UI"
S-031,/staff/content/drafts/:id,saving,Soạn bài học,Phase2 presentation fixture; not production service,S-031 | saving | responsive + screenshot,03_Kiem_thu/QA_QC/phase2/rebaseline_v2_20261001/screenshots/S-031_saving.png,READ_RUN_EVIDENCE,PENDING,Fields have programmatic labels; preview/save/review transitions are explicit; published bytes are never edited.,QA-STF-004; QA-ACC-007; QA-ACC-013; QA-HO-001,"Original QA IDs are inherited references, not a claim those old cases passed on the new Flutter UI"
S-031,/staff/content/drafts/:id,saved,Soạn bài học,Phase2 presentation fixture; not production service,S-031 | saved | responsive + screenshot,03_Kiem_thu/QA_QC/phase2/rebaseline_v2_20261001/screenshots/S-031_saved.png,READ_RUN_EVIDENCE,PENDING,Fields have programmatic labels; preview/save/review transitions are explicit; published bytes are never edited.,QA-STF-004; QA-ACC-007; QA-ACC-013; QA-HO-001,"Original QA IDs are inherited references, not a claim those old cases passed on the new Flutter UI"
S-031,/staff/content/drafts/:id,validation-error,Soạn bài học,Phase2 presentation fixture; not production service,S-031 | validation-error | responsive + screenshot,03_Kiem_thu/QA_QC/phase2/rebaseline_v2_20261001/screenshots/S-031_validation-error.png,READ_RUN_EVIDENCE,PENDING,Fields have programmatic labels; preview/save/review transitions are explicit; published bytes are never edited.,QA-STF-004; QA-ACC-007; QA-ACC-013; QA-HO-001,"Original QA IDs are inherited references, not a claim those old cases passed on the new Flutter UI"
S-031,/staff/content/drafts/:id,reviewer-changes,Soạn bài học,Phase2 presentation fixture; not production service,S-031 | reviewer-changes | responsive + screenshot,03_Kiem_thu/QA_QC/phase2/rebaseline_v2_20261001/screenshots/S-031_reviewer-changes.png,READ_RUN_EVIDENCE,PENDING,Fields have programmatic labels; preview/save/review transitions are explicit; published bytes are never edited.,QA-STF-004; QA-ACC-007; QA-ACC-013; QA-HO-001,"Original QA IDs are inherited references, not a claim those old cases passed on the new Flutter UI"
S-032,/staff/content/drafts/:id/preview,preview,Xem trước bài học,Phase2 presentation fixture; not production service,S-032 | preview | responsive + screenshot,03_Kiem_thu/QA_QC/phase2/rebaseline_v2_20261001/screenshots/S-032_preview.png,READ_RUN_EVIDENCE,PENDING,Preview has no publish/progress side effect.,QA-STF-004; QA-STF-011,"Original QA IDs are inherited references, not a claim those old cases passed on the new Flutter UI"
S-033,/staff/content/drafts/:id/source,license-pending,Nguồn và giấy phép,Phase2 presentation fixture; not production service,S-033 | license-pending | responsive + screenshot,03_Kiem_thu/QA_QC/phase2/rebaseline_v2_20261001/screenshots/S-033_license-pending.png,READ_RUN_EVIDENCE,PENDING,Publication stays blocked until provenance/license requirement passes.,QA-STF-006; QA-STF-011; QA-ACC-013,"Original QA IDs are inherited references, not a claim those old cases passed on the new Flutter UI"
S-033,/staff/content/drafts/:id/source,license-verified,Nguồn và giấy phép,Phase2 presentation fixture; not production service,S-033 | license-verified | responsive + screenshot,03_Kiem_thu/QA_QC/phase2/rebaseline_v2_20261001/screenshots/S-033_license-verified.png,READ_RUN_EVIDENCE,PENDING,Publication stays blocked until provenance/license requirement passes.,QA-STF-006; QA-STF-011; QA-ACC-013,"Original QA IDs are inherited references, not a claim those old cases passed on the new Flutter UI"
S-033,/staff/content/drafts/:id/source,validation-error,Nguồn và giấy phép,Phase2 presentation fixture; not production service,S-033 | validation-error | responsive + screenshot,03_Kiem_thu/QA_QC/phase2/rebaseline_v2_20261001/screenshots/S-033_validation-error.png,READ_RUN_EVIDENCE,PENDING,Publication stays blocked until provenance/license requirement passes.,QA-STF-006; QA-STF-011; QA-ACC-013,"Original QA IDs are inherited references, not a claim those old cases passed on the new Flutter UI"
S-034,/staff/content/review,Empty,Hàng chờ duyệt,Phase2 presentation fixture; not production service,S-034 | Empty | responsive + screenshot,03_Kiem_thu/QA_QC/phase2/rebaseline_v2_20261001/screenshots/S-034_Empty.png,READ_RUN_EVIDENCE,PENDING,Reviewer actions require later server permission,QA-STF-004,"Original QA IDs are inherited references, not a claim those old cases passed on the new Flutter UI"
S-034,/staff/content/review,filtered,Hàng chờ duyệt,Phase2 presentation fixture; not production service,S-034 | filtered | responsive + screenshot,03_Kiem_thu/QA_QC/phase2/rebaseline_v2_20261001/screenshots/S-034_filtered.png,READ_RUN_EVIDENCE,PENDING,Reviewer actions require later server permission,QA-STF-004,"Original QA IDs are inherited references, not a claim those old cases passed on the new Flutter UI"
S-035,/staff/content/review/:id,license-blocked,Kiểm tra bài học,Phase2 presentation fixture; not production service,S-035 | license-blocked | responsive + screenshot,03_Kiem_thu/QA_QC/phase2/rebaseline_v2_20261001/screenshots/S-035_license-blocked.png,READ_RUN_EVIDENCE,PENDING,Approve is disabled until provenance/license gate passes.,QA-STF-004; QA-STF-006; QA-STF-011,"Original QA IDs are inherited references, not a claim those old cases passed on the new Flutter UI"
S-035,/staff/content/review/:id,approvable,Kiểm tra bài học,Phase2 presentation fixture; not production service,S-035 | approvable | responsive + screenshot,03_Kiem_thu/QA_QC/phase2/rebaseline_v2_20261001/screenshots/S-035_approvable.png,READ_RUN_EVIDENCE,PENDING,Approve is disabled until provenance/license gate passes.,QA-STF-004; QA-STF-006; QA-STF-011,"Original QA IDs are inherited references, not a claim those old cases passed on the new Flutter UI"
S-035,/staff/content/review/:id,changes-requested,Kiểm tra bài học,Phase2 presentation fixture; not production service,S-035 | changes-requested | responsive + screenshot,03_Kiem_thu/QA_QC/phase2/rebaseline_v2_20261001/screenshots/S-035_changes-requested.png,READ_RUN_EVIDENCE,PENDING,Approve is disabled until provenance/license gate passes.,QA-STF-004; QA-STF-006; QA-STF-011,"Original QA IDs are inherited references, not a claim those old cases passed on the new Flutter UI"
S-036,/staff/content/publish/:id,confirmation-open,Xác nhận xuất bản,Phase2 presentation fixture; not production service,S-036 | confirmation-open | responsive + screenshot,03_Kiem_thu/QA_QC/phase2/rebaseline_v2_20261001/screenshots/S-036_confirmation-open.png,READ_RUN_EVIDENCE,PENDING,Publish requires explicit confirmation and creates an immutable revision.,QA-STF-007; QA-STF-011; QA-ACC-002,"Original QA IDs are inherited references, not a claim those old cases passed on the new Flutter UI"
S-036,/staff/content/publish/:id,processing,Xác nhận xuất bản,Phase2 presentation fixture; not production service,S-036 | processing | responsive + screenshot,03_Kiem_thu/QA_QC/phase2/rebaseline_v2_20261001/screenshots/S-036_processing.png,READ_RUN_EVIDENCE,PENDING,Publish requires explicit confirmation and creates an immutable revision.,QA-STF-007; QA-STF-011; QA-ACC-002,"Original QA IDs are inherited references, not a claim those old cases passed on the new Flutter UI"
S-036,/staff/content/publish/:id,error,Xác nhận xuất bản,Phase2 presentation fixture; not production service,S-036 | error | responsive + screenshot,03_Kiem_thu/QA_QC/phase2/rebaseline_v2_20261001/screenshots/S-036_error.png,READ_RUN_EVIDENCE,PENDING,Publish requires explicit confirmation and creates an immutable revision.,QA-STF-007; QA-STF-011; QA-ACC-002,"Original QA IDs are inherited references, not a claim those old cases passed on the new Flutter UI"
S-037,/staff/content/published/:id,published-immutable,Bản đã xuất bản,Phase2 presentation fixture; not production service,S-037 | published-immutable | responsive + screenshot,03_Kiem_thu/QA_QC/phase2/rebaseline_v2_20261001/screenshots/S-037_published-immutable.png,READ_RUN_EVIDENCE,PENDING,Published revision is read-only; edits create a new draft/revision.,QA-STF-007; QA-BIZ-012; QA-STF-011,"Original QA IDs are inherited references, not a claim those old cases passed on the new Flutter UI"
S-037,/staff/content/published/:id,new-draft-created,Bản đã xuất bản,Phase2 presentation fixture; not production service,S-037 | new-draft-created | responsive + screenshot,03_Kiem_thu/QA_QC/phase2/rebaseline_v2_20261001/screenshots/S-037_new-draft-created.png,READ_RUN_EVIDENCE,PENDING,Published revision is read-only; edits create a new draft/revision.,QA-STF-007; QA-BIZ-012; QA-STF-011,"Original QA IDs are inherited references, not a claim those old cases passed on the new Flutter UI"
S-040,/staff/interventions,Placeholder,Hỗ trợ học viên,Phase2 presentation fixture; not production service,S-040 | Placeholder | responsive + screenshot,03_Kiem_thu/QA_QC/phase2/rebaseline_v2_20261001/screenshots/S-040_Placeholder.png,READ_RUN_EVIDENCE,PENDING,Phase 11/12 domain behavior not implemented in Phase 2,QA-STF-008,"Original QA IDs are inherited references, not a claim those old cases passed on the new Flutter UI"
S-040,/staff/interventions,empty,Hỗ trợ học viên,Phase2 presentation fixture; not production service,S-040 | empty | responsive + screenshot,03_Kiem_thu/QA_QC/phase2/rebaseline_v2_20261001/screenshots/S-040_empty.png,READ_RUN_EVIDENCE,PENDING,Phase 11/12 domain behavior not implemented in Phase 2,QA-STF-008,"Original QA IDs are inherited references, not a claim those old cases passed on the new Flutter UI"
S-041,/staff/interventions/:id,Placeholder,Chi tiết hỗ trợ,Phase2 presentation fixture; not production service,S-041 | Placeholder | responsive + screenshot,03_Kiem_thu/QA_QC/phase2/rebaseline_v2_20261001/screenshots/S-041_Placeholder.png,READ_RUN_EVIDENCE,PENDING,Recommendation lifecycle layers remain distinct,QA-STF-008,"Original QA IDs are inherited references, not a claim those old cases passed on the new Flutter UI"
S-041,/staff/interventions/:id,unavailable,Chi tiết hỗ trợ,Phase2 presentation fixture; not production service,S-041 | unavailable | responsive + screenshot,03_Kiem_thu/QA_QC/phase2/rebaseline_v2_20261001/screenshots/S-041_unavailable.png,READ_RUN_EVIDENCE,PENDING,Recommendation lifecycle layers remain distinct,QA-STF-008,"Original QA IDs are inherited references, not a claim those old cases passed on the new Flutter UI"
S-050,/staff/analytics,Placeholder,Phân tích học tập,Phase2 presentation fixture; not production service,S-050 | Placeholder | responsive + screenshot,03_Kiem_thu/QA_QC/phase2/rebaseline_v2_20261001/screenshots/S-050_Placeholder.png,READ_RUN_EVIDENCE,PENDING,Event time/known time/source context required,QA-STF-009,"Original QA IDs are inherited references, not a claim those old cases passed on the new Flutter UI"
S-050,/staff/analytics,no-data,Phân tích học tập,Phase2 presentation fixture; not production service,S-050 | no-data | responsive + screenshot,03_Kiem_thu/QA_QC/phase2/rebaseline_v2_20261001/screenshots/S-050_no-data.png,READ_RUN_EVIDENCE,PENDING,Event time/known time/source context required,QA-STF-009,"Original QA IDs are inherited references, not a claim those old cases passed on the new Flutter UI"
S-051,/staff/analytics/:metric,Placeholder,Chi tiết chỉ số,Phase2 presentation fixture; not production service,S-051 | Placeholder | responsive + screenshot,03_Kiem_thu/QA_QC/phase2/rebaseline_v2_20261001/screenshots/S-051_Placeholder.png,READ_RUN_EVIDENCE,PENDING,No hidden denominator or future-data leakage,QA-STF-009,"Original QA IDs are inherited references, not a claim those old cases passed on the new Flutter UI"
S-051,/staff/analytics/:metric,insufficient-data,Chi tiết chỉ số,Phase2 presentation fixture; not production service,S-051 | insufficient-data | responsive + screenshot,03_Kiem_thu/QA_QC/phase2/rebaseline_v2_20261001/screenshots/S-051_insufficient-data.png,READ_RUN_EVIDENCE,PENDING,No hidden denominator or future-data leakage,QA-STF-009,"Original QA IDs are inherited references, not a claim those old cases passed on the new Flutter UI"
S-060,/staff/admin,Placeholder,Quản trị,Phase2 presentation fixture; not production service,S-060 | Placeholder | responsive + screenshot,03_Kiem_thu/QA_QC/phase2/rebaseline_v2_20261001/screenshots/S-060_Placeholder.png,READ_RUN_EVIDENCE,PENDING,Phase 3/13 define authorization/security,QA-STF-010,"Original QA IDs are inherited references, not a claim those old cases passed on the new Flutter UI"
S-060,/staff/admin,access-denied,Quản trị,Phase2 presentation fixture; not production service,S-060 | access-denied | responsive + screenshot,03_Kiem_thu/QA_QC/phase2/rebaseline_v2_20261001/screenshots/S-060_access-denied.png,READ_RUN_EVIDENCE,PENDING,Phase 3/13 define authorization/security,QA-STF-010,"Original QA IDs are inherited references, not a claim those old cases passed on the new Flutter UI"
S-061,/staff/admin/roles,Placeholder,Vai trò,Phase2 presentation fixture; not production service,S-061 | Placeholder | responsive + screenshot,03_Kiem_thu/QA_QC/phase2/rebaseline_v2_20261001/screenshots/S-061_Placeholder.png,READ_RUN_EVIDENCE,PENDING,UI visibility never substitutes backend authz,QA-STF-010,"Original QA IDs are inherited references, not a claim those old cases passed on the new Flutter UI"
S-062,/staff/admin/audit,Placeholder,Lịch sử thao tác,Phase2 presentation fixture; not production service,S-062 | Placeholder | responsive + screenshot,03_Kiem_thu/QA_QC/phase2/rebaseline_v2_20261001/screenshots/S-062_Placeholder.png,READ_RUN_EVIDENCE,PENDING,Privileged actions audited,QA-STF-010,"Original QA IDs are inherited references, not a claim those old cases passed on the new Flutter UI"
S-062,/staff/admin/audit,filtered,Lịch sử thao tác,Phase2 presentation fixture; not production service,S-062 | filtered | responsive + screenshot,03_Kiem_thu/QA_QC/phase2/rebaseline_v2_20261001/screenshots/S-062_filtered.png,READ_RUN_EVIDENCE,PENDING,Privileged actions audited,QA-STF-010,"Original QA IDs are inherited references, not a claim those old cases passed on the new Flutter UI"
L-070,/progress,observations,Những bước bạn đã đi,Phase2 presentation fixture; not production service,L-070 | observations | responsive + screenshot,03_Kiem_thu/QA_QC/phase2/rebaseline_v2_20261001/screenshots/L-070_observations.png,READ_RUN_EVIDENCE,PENDING,Owner V2 addition: observed progress / search / settings / notifications; fixture only,V2 addition; see named current test,"Original QA IDs are inherited references, not a claim those old cases passed on the new Flutter UI"
L-070,/progress,insufficient-evidence,Những bước bạn đã đi,Phase2 presentation fixture; not production service,L-070 | insufficient-evidence | responsive + screenshot,03_Kiem_thu/QA_QC/phase2/rebaseline_v2_20261001/screenshots/L-070_insufficient-evidence.png,READ_RUN_EVIDENCE,PENDING,Owner V2 addition: observed progress / search / settings / notifications; fixture only,V2 addition; see named current test,"Original QA IDs are inherited references, not a claim those old cases passed on the new Flutter UI"
L-071,/learn/search,ready,Tìm bài học,Phase2 presentation fixture; not production service,L-071 | ready | responsive + screenshot,03_Kiem_thu/QA_QC/phase2/rebaseline_v2_20261001/screenshots/L-071_ready.png,READ_RUN_EVIDENCE,PENDING,Owner V2 addition: observed progress / search / settings / notifications; fixture only,V2 addition; see named current test,"Original QA IDs are inherited references, not a claim those old cases passed on the new Flutter UI"
L-071,/learn/search,filtered,Tìm bài học,Phase2 presentation fixture; not production service,L-071 | filtered | responsive + screenshot,03_Kiem_thu/QA_QC/phase2/rebaseline_v2_20261001/screenshots/L-071_filtered.png,READ_RUN_EVIDENCE,PENDING,Owner V2 addition: observed progress / search / settings / notifications; fixture only,V2 addition; see named current test,"Original QA IDs are inherited references, not a claim those old cases passed on the new Flutter UI"
L-071,/learn/search,empty,Tìm bài học,Phase2 presentation fixture; not production service,L-071 | empty | responsive + screenshot,03_Kiem_thu/QA_QC/phase2/rebaseline_v2_20261001/screenshots/L-071_empty.png,READ_RUN_EVIDENCE,PENDING,Owner V2 addition: observed progress / search / settings / notifications; fixture only,V2 addition; see named current test,"Original QA IDs are inherited references, not a claim those old cases passed on the new Flutter UI"
L-072,/profile/settings,ready,Cài đặt,Phase2 presentation fixture; not production service,L-072 | ready | responsive + screenshot,03_Kiem_thu/QA_QC/phase2/rebaseline_v2_20261001/screenshots/L-072_ready.png,READ_RUN_EVIDENCE,PENDING,Owner V2 addition: observed progress / search / settings / notifications; fixture only,V2 addition; see named current test,"Original QA IDs are inherited references, not a claim those old cases passed on the new Flutter UI"
L-072,/profile/settings,saved,Cài đặt,Phase2 presentation fixture; not production service,L-072 | saved | responsive + screenshot,03_Kiem_thu/QA_QC/phase2/rebaseline_v2_20261001/screenshots/L-072_saved.png,READ_RUN_EVIDENCE,PENDING,Owner V2 addition: observed progress / search / settings / notifications; fixture only,V2 addition; see named current test,"Original QA IDs are inherited references, not a claim those old cases passed on the new Flutter UI"
L-073,/notifications,ready,Thông báo,Phase2 presentation fixture; not production service,L-073 | ready | responsive + screenshot,03_Kiem_thu/QA_QC/phase2/rebaseline_v2_20261001/screenshots/L-073_ready.png,READ_RUN_EVIDENCE,PENDING,Owner V2 addition: observed progress / search / settings / notifications; fixture only,V2 addition; see named current test,"Original QA IDs are inherited references, not a claim those old cases passed on the new Flutter UI"
L-073,/notifications,empty,Thông báo,Phase2 presentation fixture; not production service,L-073 | empty | responsive + screenshot,03_Kiem_thu/QA_QC/phase2/rebaseline_v2_20261001/screenshots/L-073_empty.png,READ_RUN_EVIDENCE,PENDING,Owner V2 addition: observed progress / search / settings / notifications; fixture only,V2 addition; see named current test,"Original QA IDs are inherited references, not a claim those old cases passed on the new Flutter UI"
