Type,ID,Relation,Source,Reason,Action
BR without Req,Actual workbook namespace UNKNOWN,UNKNOWN,BA workbook NOT FOUND,Cannot assert zero or enumerate absent IDs,Inspect actual 04/05/06/07 sheets; resolve or justify every MVP orphan
Trigger without Req/UC,Actual workbook namespace UNKNOWN,UNKNOWN,BA workbook NOT FOUND,Cannot assert zero or enumerate absent IDs,Inspect actual 04/05/06/07 sheets; resolve or justify every MVP orphan
UC without Requirement,Actual workbook namespace UNKNOWN,UNKNOWN,BA workbook NOT FOUND,Cannot assert zero or enumerate absent IDs,Inspect actual 04/05/06/07 sheets; resolve or justify every MVP orphan
UC without Requirement,J-S03,SEMANTICALLY SUPPORTED,C:\Mingo\02_Tai_lieu_du_an\04_Thiet_ke_san_pham\ux_ui\phase2\04_STAFF_JOURNEYS.md:15,Conditional assigned-advisor support; V3.2 docs07 object scope; evidence-safe PRD10; no new intervention authorization,Keep source-derived classification; reconcile actual UC IDs without expanding MVP
UC without Requirement,J-S04,DEFERRED,C:\Mingo\02_Tai_lieu_du_an\04_Thiet_ke_san_pham\ux_ui\phase2\04_STAFF_JOURNEYS.md:19,Explicit future intervention; Q12 DEFERRED-FUTURE and audit lifecycle contracts,Keep source-derived classification; reconcile actual UC IDs without expanding MVP
UC without Requirement,J-S05,DEFERRED,C:\Mingo\02_Tai_lieu_du_an\04_Thiet_ke_san_pham\ux_ui\phase2\04_STAFF_JOURNEYS.md:23,"Explicit analytics shell; future domain, no production data",Keep source-derived classification; reconcile actual UC IDs without expanding MVP
UC without Requirement,J-S06,DEFERRED,C:\Mingo\02_Tai_lieu_du_an\04_Thiet_ke_san_pham\ux_ui\phase2\04_STAFF_JOURNEYS.md:27,"Administration shell; V3.2 server role/audit, implementation later",Keep source-derived classification; reconcile actual UC IDs without expanding MVP
Wireframe/State without direct business requirement,L-001,SEMANTICALLY SUPPORTED,C:\Mingo\02_Tai_lieu_du_an\04_Thiet_ke_san_pham\ux_ui\phase2\rebaseline_v2\SCREEN_SCOPE_REGISTER.csv:2; Q3 / J-L01,Launch/recovery infrastructure; inherited catalog is not customer evidence,Retain basis and category; actual WF/business trace UNKNOWN
Wireframe/State without direct business requirement,L-002,SEMANTICALLY SUPPORTED,C:\Mingo\02_Tai_lieu_du_an\04_Thiet_ke_san_pham\ux_ui\phase2\rebaseline_v2\SCREEN_SCOPE_REGISTER.csv:3; Q3 / J-L01,Guest welcome; inherited catalog is not customer evidence,Retain basis and category; actual WF/business trace UNKNOWN
Wireframe/State without direct business requirement,L-028,SEMANTICALLY SUPPORTED,C:\Mingo\02_Tai_lieu_du_an\04_Thiet_ke_san_pham\ux_ui\phase2\rebaseline_v2\SCREEN_SCOPE_REGISTER.csv:19; PRD02 / J-L04,Feedback inherited learning step; inherited catalog is not customer evidence,Retain basis and category; actual WF/business trace UNKNOWN
Wireframe/State without direct business requirement,L-033,SEMANTICALLY SUPPORTED,C:\Mingo\02_Tai_lieu_du_an\04_Thiet_ke_san_pham\ux_ui\phase2\rebaseline_v2\SCREEN_SCOPE_REGISTER.csv:24; Q7 / J-L12,Resume inherited PRD01/15; inherited catalog is not customer evidence,Retain basis and category; actual WF/business trace UNKNOWN
Wireframe/State without direct business requirement,L-053,SEMANTICALLY SUPPORTED,C:\Mingo\02_Tai_lieu_du_an\04_Thiet_ke_san_pham\ux_ui\phase2\rebaseline_v2\SCREEN_SCOPE_REGISTER.csv:31; Q4 / PRD10,Voluntary profile preferences; inherited catalog is not customer evidence,Retain basis and category; actual WF/business trace UNKNOWN
Wireframe/State without direct business requirement,L-054,SEMANTICALLY SUPPORTED,C:\Mingo\02_Tai_lieu_du_an\04_Thiet_ke_san_pham\ux_ui\phase2\rebaseline_v2\SCREEN_SCOPE_REGISTER.csv:32; Q10 / V3.2 docs04,Download management; requires authenticated owner; inherited catalog is not customer evidence,Retain basis and category; actual WF/business trace UNKNOWN
Wireframe/State without direct business requirement,L-062,SEMANTICALLY SUPPORTED,C:\Mingo\02_Tai_lieu_du_an\04_Thiet_ke_san_pham\ux_ui\phase2\rebaseline_v2\SCREEN_SCOPE_REGISTER.csv:35; QA error/accessibility,Generic recovery shell; not new business feature; inherited catalog is not customer evidence,Retain basis and category; actual WF/business trace UNKNOWN
Wireframe/State without direct business requirement,L-064,SEMANTICALLY SUPPORTED,C:\Mingo\02_Tai_lieu_du_an\04_Thiet_ke_san_pham\ux_ui\phase2\rebaseline_v2\SCREEN_SCOPE_REGISTER.csv:37; V3.2 docs07 / offline UX,Reauth safety state; exact policy UNKNOWN; inherited catalog is not customer evidence,Retain basis and category; actual WF/business trace UNKNOWN
Wireframe/State without direct business requirement,L-070,SEMANTICALLY SUPPORTED,C:\Mingo\02_Tai_lieu_du_an\04_Thiet_ke_san_pham\ux_ui\phase2\rebaseline_v2\SCREEN_SCOPE_REGISTER.csv:59; Q3 / PRD10,Progress inherited qualitative evidence; durable state auth-gated; inherited catalog is not customer evidence,Retain basis and category; actual WF/business trace UNKNOWN
Wireframe/State without direct business requirement,L-071,SEMANTICALLY SUPPORTED,C:\Mingo\02_Tai_lieu_du_an\04_Thiet_ke_san_pham\ux_ui\phase2\rebaseline_v2\SCREEN_SCOPE_REGISTER.csv:60; PRD13 / Course catalogue,Search supporting browse; no separate product feature approval; inherited catalog is not customer evidence,Retain basis and category; actual WF/business trace UNKNOWN
Wireframe/State without direct business requirement,L-072,SEMANTICALLY SUPPORTED,C:\Mingo\02_Tai_lieu_du_an\04_Thiet_ke_san_pham\ux_ui\phase2\rebaseline_v2\SCREEN_SCOPE_REGISTER.csv:61; PRD10 / preferences,Settings support shell; inherited catalog is not customer evidence,Retain basis and category; actual WF/business trace UNKNOWN
Wireframe/State without direct business requirement,L-073,SEMANTICALLY SUPPORTED,C:\Mingo\02_Tai_lieu_du_an\04_Thiet_ke_san_pham\ux_ui\phase2\rebaseline_v2\SCREEN_SCOPE_REGISTER.csv:62; Existing scope register,Notification preferences fixture; actual delivery/policy deferred; inherited catalog is not customer evidence,Retain basis and category; actual WF/business trace UNKNOWN
Wireframe/State without direct business requirement,S-001,SEMANTICALLY SUPPORTED,C:\Mingo\02_Tai_lieu_du_an\04_Thiet_ke_san_pham\ux_ui\phase2\rebaseline_v2\SCREEN_SCOPE_REGISTER.csv:38; V3.2 docs07,Staff access shell; UI visibility is not authz; inherited catalog is not customer evidence,Retain basis and category; actual WF/business trace UNKNOWN
Wireframe/State without direct business requirement,S-010,SEMANTICALLY SUPPORTED,C:\Mingo\02_Tai_lieu_du_an\04_Thiet_ke_san_pham\ux_ui\phase2\rebaseline_v2\SCREEN_SCOPE_REGISTER.csv:39; Existing staff IA,Dashboard shell; no operational data proof; inherited catalog is not customer evidence,Retain basis and category; actual WF/business trace UNKNOWN
Wireframe/State without direct business requirement,S-020,SEMANTICALLY SUPPORTED,C:\Mingo\02_Tai_lieu_du_an\04_Thiet_ke_san_pham\ux_ui\phase2\rebaseline_v2\SCREEN_SCOPE_REGISTER.csv:40; J-S03 / V3.2 docs07,Assigned learner support shell; inherited catalog is not customer evidence,Retain basis and category; actual WF/business trace UNKNOWN
Wireframe/State without direct business requirement,S-021,SEMANTICALLY SUPPORTED,C:\Mingo\02_Tai_lieu_du_an\04_Thiet_ke_san_pham\ux_ui\phase2\rebaseline_v2\SCREEN_SCOPE_REGISTER.csv:41; J-S03 / PRD10,Learner overview support; inherited catalog is not customer evidence,Retain basis and category; actual WF/business trace UNKNOWN
Wireframe/State without direct business requirement,S-022,SEMANTICALLY SUPPORTED,C:\Mingo\02_Tai_lieu_du_an\04_Thiet_ke_san_pham\ux_ui\phase2\rebaseline_v2\SCREEN_SCOPE_REGISTER.csv:42; J-S03 / PRD10,Evidence support; no new risk permission; inherited catalog is not customer evidence,Retain basis and category; actual WF/business trace UNKNOWN
Wireframe/State without direct business requirement,S-023,SEMANTICALLY SUPPORTED,C:\Mingo\02_Tai_lieu_du_an\04_Thiet_ke_san_pham\ux_ui\phase2\rebaseline_v2\SCREEN_SCOPE_REGISTER.csv:43; J-S03,Activity support; no diagnosis; inherited catalog is not customer evidence,Retain basis and category; actual WF/business trace UNKNOWN
Wireframe/State without direct business requirement,S-031,SEMANTICALLY SUPPORTED,C:\Mingo\02_Tai_lieu_du_an\04_Thiet_ke_san_pham\ux_ui\phase2\rebaseline_v2\SCREEN_SCOPE_REGISTER.csv:45; Q11 / J-S01 / PRD14,Draft substep; inherited catalog is not customer evidence,Retain basis and category; actual WF/business trace UNKNOWN
Wireframe/State without direct business requirement,S-032,SEMANTICALLY SUPPORTED,C:\Mingo\02_Tai_lieu_du_an\04_Thiet_ke_san_pham\ux_ui\phase2\rebaseline_v2\SCREEN_SCOPE_REGISTER.csv:46; Q11 / J-S01 / PRD14,Preview substep; inherited catalog is not customer evidence,Retain basis and category; actual WF/business trace UNKNOWN
Wireframe/State without direct business requirement,S-034,SEMANTICALLY SUPPORTED,C:\Mingo\02_Tai_lieu_du_an\04_Thiet_ke_san_pham\ux_ui\phase2\rebaseline_v2\SCREEN_SCOPE_REGISTER.csv:48; Q11 / J-S01 / PRD14,Review queue substep; inherited catalog is not customer evidence,Retain basis and category; actual WF/business trace UNKNOWN
Wireframe/State without direct business requirement,S-040,DEFERRED,C:\Mingo\02_Tai_lieu_du_an\04_Thiet_ke_san_pham\ux_ui\phase2\rebaseline_v2\SCREEN_SCOPE_REGISTER.csv:52; Q12 / J-S04..06,Explicit future placeholder; not current MVP implementation; inherited catalog is not customer evidence,Retain basis and category; actual WF/business trace UNKNOWN
Wireframe/State without direct business requirement,S-041,DEFERRED,C:\Mingo\02_Tai_lieu_du_an\04_Thiet_ke_san_pham\ux_ui\phase2\rebaseline_v2\SCREEN_SCOPE_REGISTER.csv:53; Q12 / J-S04..06,Explicit future placeholder; not current MVP implementation; inherited catalog is not customer evidence,Retain basis and category; actual WF/business trace UNKNOWN
Wireframe/State without direct business requirement,S-051,DEFERRED,C:\Mingo\02_Tai_lieu_du_an\04_Thiet_ke_san_pham\ux_ui\phase2\rebaseline_v2\SCREEN_SCOPE_REGISTER.csv:55; Q12 / J-S04..06,Explicit future placeholder; not current MVP implementation; inherited catalog is not customer evidence,Retain basis and category; actual WF/business trace UNKNOWN
Wireframe/State without direct business requirement,S-060,DEFERRED,C:\Mingo\02_Tai_lieu_du_an\04_Thiet_ke_san_pham\ux_ui\phase2\rebaseline_v2\SCREEN_SCOPE_REGISTER.csv:56; Q12 / J-S04..06,Explicit future placeholder; not current MVP implementation; inherited catalog is not customer evidence,Retain basis and category; actual WF/business trace UNKNOWN
Wireframe/State without direct business requirement,S-061,DEFERRED,C:\Mingo\02_Tai_lieu_du_an\04_Thiet_ke_san_pham\ux_ui\phase2\rebaseline_v2\SCREEN_SCOPE_REGISTER.csv:57; Q12 / J-S04..06,Explicit future placeholder; not current MVP implementation; inherited catalog is not customer evidence,Retain basis and category; actual WF/business trace UNKNOWN
Wireframe/State without direct business requirement,S-062,DEFERRED,C:\Mingo\02_Tai_lieu_du_an\04_Thiet_ke_san_pham\ux_ui\phase2\rebaseline_v2\SCREEN_SCOPE_REGISTER.csv:58; Q12 / J-S04..06,Explicit future placeholder; not current MVP implementation; inherited catalog is not customer evidence,Retain basis and category; actual WF/business trace UNKNOWN
Test without direct requirement,QC-001,UNKNOWN,C:\Mingo\03_Kiem_thu\QA_QC\phase2\qa_cases.json:3,QA spec: Required Phase 2 artifacts exist; declared req=blank; expected=Every file in handoff index exists and opens.,If no explicit req: identify cited governance/accessibility/navigation/support/future basis before semantic closure; not automatically unauthorized. No new execution of this legacy ID claimed
Test without direct requirement,QC-002,UNKNOWN,C:\Mingo\03_Kiem_thu\QA_QC\phase2\qa_cases.json:18,QA spec: V3.2 remains untouched; declared req=blank; expected=No Phase 2 artifact silently modifies original V3.2 source.,If no explicit req: identify cited governance/accessibility/navigation/support/future basis before semantic closure; not automatically unauthorized. No new execution of this legacy ID claimed
Test without direct requirement,QC-003,UNKNOWN,C:\Mingo\03_Kiem_thu\QA_QC\phase2\qa_cases.json:33,"QA spec: Phase boundary is explicit; declared req=blank; expected=Docs identify Phase 3+ behavior as future/deferred, not implemented.",If no explicit req: identify cited governance/accessibility/navigation/support/future basis before semantic closure; not automatically unauthorized. No new execution of this legacy ID claimed
Test without direct requirement,QC-004,UNKNOWN,C:\Mingo\03_Kiem_thu\QA_QC\phase2\qa_cases.json:48,QA spec: Screen IDs unique; declared req=blank; expected=All learner/staff screen IDs are unique and traceable.,If no explicit req: identify cited governance/accessibility/navigation/support/future basis before semantic closure; not automatically unauthorized. No new execution of this legacy ID claimed
Test without direct requirement,QC-005,UNKNOWN,C:\Mingo\03_Kiem_thu\QA_QC\phase2\qa_cases.json:63,QA spec: Routes documented; declared req=blank; expected=Every inventory screen has a route or overlay identity.,If no explicit req: identify cited governance/accessibility/navigation/support/future basis before semantic closure; not automatically unauthorized. No new execution of this legacy ID claimed
Test without direct requirement,QC-006,UNKNOWN,C:\Mingo\03_Kiem_thu\QA_QC\phase2\qa_cases.json:78,QA spec: PRD traceability complete; declared req=blank; expected=PRD-01..PRD-16 all map to UX surfaces and QA cases.,If no explicit req: identify cited governance/accessibility/navigation/support/future basis before semantic closure; not automatically unauthorized. No new execution of this legacy ID claimed
Test without direct requirement,QC-007,UNKNOWN,C:\Mingo\03_Kiem_thu\QA_QC\phase2\qa_cases.json:93,QA spec: Locked vs hypothesis language; declared req=blank; expected=5m/retry/replay/placement thresholds are labelled hypotheses where applicable.,If no explicit req: identify cited governance/accessibility/navigation/support/future basis before semantic closure; not automatically unauthorized. No new execution of this legacy ID claimed
Test without direct requirement,QC-008,UNKNOWN,C:\Mingo\03_Kiem_thu\QA_QC\phase2\qa_cases.json:108,QA spec: No false learning claims; declared req=blank; expected=No precise mastery/diagnosis/efficacy claim appears in learner copy.,If no explicit req: identify cited governance/accessibility/navigation/support/future basis before semantic closure; not automatically unauthorized. No new execution of this legacy ID claimed
Test without direct requirement,QC-009,UNKNOWN,C:\Mingo\03_Kiem_thu\QA_QC\phase2\qa_cases.json:123,QA spec: No credential material; declared req=blank; expected=No password/token/secret URL in Phase 2 package.,If no explicit req: identify cited governance/accessibility/navigation/support/future basis before semantic closure; not automatically unauthorized. No new execution of this legacy ID claimed
Test without direct requirement,QC-010,UNKNOWN,C:\Mingo\03_Kiem_thu\QA_QC\phase2\qa_cases.json:138,QA spec: Prototype is self-contained; declared req=blank; expected=No external CDN/network dependency is required to render prototype.,If no explicit req: identify cited governance/accessibility/navigation/support/future basis before semantic closure; not automatically unauthorized. No new execution of this legacy ID claimed
Test without direct requirement,QA-NAV-001,UNKNOWN,C:\Mingo\03_Kiem_thu\QA_QC\phase2\qa_cases.json:153,"QA spec: Learner top-level IA; declared req=blank; expected=Bottom navigation exposes only Home, Learn, Course, Profile.",If no explicit req: identify cited governance/accessibility/navigation/support/future basis before semantic closure; not automatically unauthorized. No new execution of this legacy ID claimed
Test without direct requirement,QA-NAV-002,UNKNOWN,C:\Mingo\03_Kiem_thu\QA_QC\phase2\qa_cases.json:168,QA spec: Onboarding outside main shell; declared req=blank; expected=Main bottom navigation is absent until main shell.,If no explicit req: identify cited governance/accessibility/navigation/support/future basis before semantic closure; not automatically unauthorized. No new execution of this legacy ID claimed
Test without direct requirement,QA-NAV-003,UNKNOWN,C:\Mingo\03_Kiem_thu\QA_QC\phase2\qa_cases.json:183,"QA spec: Home purpose; declared req=blank; expected=Primary next action, reason and approximate duration are understandable.",If no explicit req: identify cited governance/accessibility/navigation/support/future basis before semantic closure; not automatically unauthorized. No new execution of this legacy ID claimed
Test without direct requirement,QA-NAV-004,UNKNOWN,C:\Mingo\03_Kiem_thu\QA_QC\phase2\qa_cases.json:198,QA spec: Learn purpose; declared req=blank; expected=Finite cycle start/resume is prominent; no endless-feed affordance.,If no explicit req: identify cited governance/accessibility/navigation/support/future basis before semantic closure; not automatically unauthorized. No new execution of this legacy ID claimed
Test without direct requirement,QA-NAV-005,UNKNOWN,C:\Mingo\03_Kiem_thu\QA_QC\phase2\qa_cases.json:213,QA spec: Course purpose; declared req=blank; expected=Open/current/due/locked/preview states are distinguishable.,If no explicit req: identify cited governance/accessibility/navigation/support/future basis before semantic closure; not automatically unauthorized. No new execution of this legacy ID claimed
Test without direct requirement,QA-NAV-006,UNKNOWN,C:\Mingo\03_Kiem_thu\QA_QC\phase2\qa_cases.json:228,"QA spec: Profile purpose; declared req=blank; expected=Goal, qualitative evidence and settings are separated from mastery claims.",If no explicit req: identify cited governance/accessibility/navigation/support/future basis before semantic closure; not automatically unauthorized. No new execution of this legacy ID claimed
Test without direct requirement,QA-NAV-007,UNKNOWN,C:\Mingo\03_Kiem_thu\QA_QC\phase2\qa_cases.json:243,"QA spec: Staff IA; declared req=blank; expected=Sidebar has Dashboard, Learners, Content, Interventions, Analytics, Administration.",If no explicit req: identify cited governance/accessibility/navigation/support/future basis before semantic closure; not automatically unauthorized. No new execution of this legacy ID claimed
Test without direct requirement,QA-NAV-008,UNKNOWN,C:\Mingo\03_Kiem_thu\QA_QC\phase2\qa_cases.json:258,"QA spec: Publishing nested in Content; declared req=blank; expected=Publishing states are within Content lifecycle, not separate top-level product domain.",If no explicit req: identify cited governance/accessibility/navigation/support/future basis before semantic closure; not automatically unauthorized. No new execution of this legacy ID claimed
Test without direct requirement,QA-NAV-009,UNKNOWN,C:\Mingo\03_Kiem_thu\QA_QC\phase2\qa_cases.json:273,QA spec: Role visibility disclaimer; declared req=blank; expected=Docs state menu visibility is not authorization.,If no explicit req: identify cited governance/accessibility/navigation/support/future basis before semantic closure; not automatically unauthorized. No new execution of this legacy ID claimed
Test without direct requirement,QA-NAV-010,UNKNOWN,C:\Mingo\03_Kiem_thu\QA_QC\phase2\qa_cases.json:288,QA spec: Deep-link constraints; declared req=blank; expected=Deep-link rules require eligibility/permission re-check and no duplicate submit.,If no explicit req: identify cited governance/accessibility/navigation/support/future basis before semantic closure; not automatically unauthorized. No new execution of this legacy ID claimed
Test without direct requirement,QA-LRN-003,EXPLICIT,C:\Mingo\03_Kiem_thu\QA_QC\phase2\qa_cases.json:333,QA spec: Objective and reason; declared req=PRD-13; expected=Objective and factual reason are visible; no inferred mental state.,If no explicit req: identify cited governance/accessibility/navigation/support/future basis before semantic closure; not automatically unauthorized. No new execution of this legacy ID claimed
Test without direct requirement,QA-LRN-010,EXPLICIT,C:\Mingo\03_Kiem_thu\QA_QC\phase2\qa_cases.json:438,QA spec: Correct feedback tone; declared req=PRD-06; expected=Feedback is concise/supportive without mastery overclaim.,If no explicit req: identify cited governance/accessibility/navigation/support/future basis before semantic closure; not automatically unauthorized. No new execution of this legacy ID claimed
Test without direct requirement,QA-LRN-011,EXPLICIT,C:\Mingo\03_Kiem_thu\QA_QC\phase2\qa_cases.json:453,QA spec: Transfer step distinction; declared req=PRD-06; expected=Transfer changes cue/context and is not labelled as level-up.,If no explicit req: identify cited governance/accessibility/navigation/support/future basis before semantic closure; not automatically unauthorized. No new execution of this legacy ID claimed
Test without direct requirement,QA-LRN-020,EXPLICIT,C:\Mingo\03_Kiem_thu\QA_QC\phase2\qa_cases.json:588,QA spec: Nothing due state; declared req=PRD-16; expected=Honest empty/content-gap copy; no fabricated completion.,If no explicit req: identify cited governance/accessibility/navigation/support/future basis before semantic closure; not automatically unauthorized. No new execution of this legacy ID claimed
Test without direct requirement,QA-STF-001,UNKNOWN,C:\Mingo\03_Kiem_thu\QA_QC\phase2\qa_cases.json:603,QA spec: Staff dashboard shell; declared req=blank; expected=Operational overview is structured without pretending future data exists.,If no explicit req: identify cited governance/accessibility/navigation/support/future basis before semantic closure; not automatically unauthorized. No new execution of this legacy ID claimed
Test without direct requirement,QA-STF-002,UNKNOWN,C:\Mingo\03_Kiem_thu\QA_QC\phase2\qa_cases.json:618,QA spec: Learner list and detail; declared req=blank; expected=List/detail IA works and evidence/activity sections are distinct.,If no explicit req: identify cited governance/accessibility/navigation/support/future basis before semantic closure; not automatically unauthorized. No new execution of this legacy ID claimed
Test without direct requirement,QA-STF-003,UNKNOWN,C:\Mingo\03_Kiem_thu\QA_QC\phase2\qa_cases.json:633,QA spec: No diagnosis language; declared req=blank; expected=No mental-state diagnosis or unsupported risk truth is presented.,If no explicit req: identify cited governance/accessibility/navigation/support/future basis before semantic closure; not automatically unauthorized. No new execution of this legacy ID claimed
Test without direct requirement,QA-STF-004,UNKNOWN,C:\Mingo\03_Kiem_thu\QA_QC\phase2\qa_cases.json:648,QA spec: Content lifecycle navigation; declared req=blank; expected=Lifecycle is understandable and revision states are explicit.,If no explicit req: identify cited governance/accessibility/navigation/support/future basis before semantic closure; not automatically unauthorized. No new execution of this legacy ID claimed
Test without direct requirement,QA-STF-005,UNKNOWN,C:\Mingo\03_Kiem_thu\QA_QC\phase2\qa_cases.json:663,QA spec: Draft vs published editability; declared req=blank; expected=Draft is editable; published view offers create-new-draft rather than edit-in-place.,If no explicit req: identify cited governance/accessibility/navigation/support/future basis before semantic closure; not automatically unauthorized. No new execution of this legacy ID claimed
Test without direct requirement,QA-STF-008,UNKNOWN,C:\Mingo\03_Kiem_thu\QA_QC\phase2\qa_cases.json:708,QA spec: Intervention future boundary; declared req=blank; expected=Does not imply Phase 11/12 implementation or causal outcome exists.,If no explicit req: identify cited governance/accessibility/navigation/support/future basis before semantic closure; not automatically unauthorized. No new execution of this legacy ID claimed
Test without direct requirement,QA-STF-009,UNKNOWN,C:\Mingo\03_Kiem_thu\QA_QC\phase2\qa_cases.json:723,QA spec: Analytics future boundary; declared req=blank; expected=Requires time/source definition and does not display invented production metrics.,If no explicit req: identify cited governance/accessibility/navigation/support/future basis before semantic closure; not automatically unauthorized. No new execution of this legacy ID claimed
Test without direct requirement,QA-STF-010,UNKNOWN,C:\Mingo\03_Kiem_thu\QA_QC\phase2\qa_cases.json:738,QA spec: Administration authorization note; declared req=blank; expected=Design never claims sidebar visibility is sufficient authorization.,If no explicit req: identify cited governance/accessibility/navigation/support/future basis before semantic closure; not automatically unauthorized. No new execution of this legacy ID claimed
Test without direct requirement,QA-OFF-003,EXPLICIT,C:\Mingo\03_Kiem_thu\QA_QC\phase2\qa_cases.json:783,QA spec: Sync retry failure; declared req=PRD-15; expected=Retry is safe and does not encourage duplicate manual submission.,If no explicit req: identify cited governance/accessibility/navigation/support/future basis before semantic closure; not automatically unauthorized. No new execution of this legacy ID claimed
Test without direct requirement,QA-OFF-005,EXPLICIT,C:\Mingo\03_Kiem_thu\QA_QC\phase2\qa_cases.json:813,QA spec: Media unavailable offline; declared req=PRD-15; expected=Valid alternative/sync action shown; no fabricated Check completion.,If no explicit req: identify cited governance/accessibility/navigation/support/future basis before semantic closure; not automatically unauthorized. No new execution of this legacy ID claimed
Test without direct requirement,QA-OFF-006,EXPLICIT,C:\Mingo\03_Kiem_thu\QA_QC\phase2\qa_cases.json:828,QA spec: Re-auth state; declared req=PRD-15; expected=User is told sign-in is required; local permission bypass is absent.,If no explicit req: identify cited governance/accessibility/navigation/support/future basis before semantic closure; not automatically unauthorized. No new execution of this legacy ID claimed
Test without direct requirement,QA-BIZ-001,UNKNOWN,C:\Mingo\03_Kiem_thu\QA_QC\phase2\qa_cases.json:843,QA spec: Server authority language; declared req=blank; expected=UI does not imply local selection equals canonical scored result.,If no explicit req: identify cited governance/accessibility/navigation/support/future basis before semantic closure; not automatically unauthorized. No new execution of this legacy ID claimed
Test without direct requirement,QA-BIZ-002,UNKNOWN,C:\Mingo\03_Kiem_thu\QA_QC\phase2\qa_cases.json:858,QA spec: Completion != mastery; declared req=blank; expected=Completing a cycle is not labelled mastery/pass unless separate evidence supports it.,If no explicit req: identify cited governance/accessibility/navigation/support/future basis before semantic closure; not automatically unauthorized. No new execution of this legacy ID claimed
Test without direct requirement,QA-BIZ-004,EXPLICIT,C:\Mingo\03_Kiem_thu\QA_QC\phase2\qa_cases.json:888,QA spec: Assisted != unaided; declared req=PRD-03; expected=Assistance remains visible in evidence/feedback semantics.,If no explicit req: identify cited governance/accessibility/navigation/support/future basis before semantic closure; not automatically unauthorized. No new execution of this legacy ID claimed
Test without direct requirement,QA-ACC-001,UNKNOWN,C:\Mingo\03_Kiem_thu\QA_QC\phase2\qa_cases.json:1053,QA spec: Keyboard navigation staff; declared req=blank; expected=All primary navigation/actions reachable with visible focus.,If no explicit req: identify cited governance/accessibility/navigation/support/future basis before semantic closure; not automatically unauthorized. No new execution of this legacy ID claimed
Test without direct requirement,QA-ACC-002,UNKNOWN,C:\Mingo\03_Kiem_thu\QA_QC\phase2\qa_cases.json:1068,QA spec: Focus order learner; declared req=blank; expected=Focus order follows visual/semantic order.,If no explicit req: identify cited governance/accessibility/navigation/support/future basis before semantic closure; not automatically unauthorized. No new execution of this legacy ID claimed
Test without direct requirement,QA-ACC-003,UNKNOWN,C:\Mingo\03_Kiem_thu\QA_QC\phase2\qa_cases.json:1083,QA spec: Touch targets; declared req=blank; expected=Primary tap targets meet 48dp target; no critical tiny icon-only action.,If no explicit req: identify cited governance/accessibility/navigation/support/future basis before semantic closure; not automatically unauthorized. No new execution of this legacy ID claimed
Test without direct requirement,QA-ACC-004,UNKNOWN,C:\Mingo\03_Kiem_thu\QA_QC\phase2\qa_cases.json:1098,QA spec: Contrast; declared req=blank; expected=Target WCAG 2.2 AA contrast; semantic color never sole signal.,If no explicit req: identify cited governance/accessibility/navigation/support/future basis before semantic closure; not automatically unauthorized. No new execution of this legacy ID claimed
Test without direct requirement,QA-ACC-005,UNKNOWN,C:\Mingo\03_Kiem_thu\QA_QC\phase2\qa_cases.json:1113,QA spec: Text scaling; declared req=blank; expected=Critical copy/actions remain readable without overlap/loss.,If no explicit req: identify cited governance/accessibility/navigation/support/future basis before semantic closure; not automatically unauthorized. No new execution of this legacy ID claimed
Test without direct requirement,QA-ACC-006,UNKNOWN,C:\Mingo\03_Kiem_thu\QA_QC\phase2\qa_cases.json:1128,QA spec: Reduced motion; declared req=blank; expected=Non-essential motion can be disabled/reduced.,If no explicit req: identify cited governance/accessibility/navigation/support/future basis before semantic closure; not automatically unauthorized. No new execution of this legacy ID claimed
Test without direct requirement,QA-ACC-007,UNKNOWN,C:\Mingo\03_Kiem_thu\QA_QC\phase2\qa_cases.json:1143,QA spec: Screen-reader names; declared req=blank; expected=Controls have meaningful labels/aria where needed.,If no explicit req: identify cited governance/accessibility/navigation/support/future basis before semantic closure; not automatically unauthorized. No new execution of this legacy ID claimed
Test without direct requirement,QA-ACC-008,UNKNOWN,C:\Mingo\03_Kiem_thu\QA_QC\phase2\qa_cases.json:1158,"QA spec: Error identification; declared req=blank; expected=Error is communicated by text/icon, not red color alone.",If no explicit req: identify cited governance/accessibility/navigation/support/future basis before semantic closure; not automatically unauthorized. No new execution of this legacy ID claimed
Test without direct requirement,QA-ACC-009,UNKNOWN,C:\Mingo\03_Kiem_thu\QA_QC\phase2\qa_cases.json:1173,QA spec: Learner small width; declared req=blank; expected=No horizontal overflow; primary actions visible.,If no explicit req: identify cited governance/accessibility/navigation/support/future basis before semantic closure; not automatically unauthorized. No new execution of this legacy ID claimed
Test without direct requirement,QA-ACC-010,UNKNOWN,C:\Mingo\03_Kiem_thu\QA_QC\phase2\qa_cases.json:1188,QA spec: Learner large phone; declared req=blank; expected=Layout remains bounded/readable; no excessive line length.,If no explicit req: identify cited governance/accessibility/navigation/support/future basis before semantic closure; not automatically unauthorized. No new execution of this legacy ID claimed
Test without direct requirement,QA-ACC-011,UNKNOWN,C:\Mingo\03_Kiem_thu\QA_QC\phase2\qa_cases.json:1203,QA spec: Staff desktop; declared req=blank; expected=Sidebar/content widths usable; tables readable.,If no explicit req: identify cited governance/accessibility/navigation/support/future basis before semantic closure; not automatically unauthorized. No new execution of this legacy ID claimed
Test without direct requirement,QA-ACC-012,UNKNOWN,C:\Mingo\03_Kiem_thu\QA_QC\phase2\qa_cases.json:1218,QA spec: Staff compact laptop; declared req=blank; expected=Sidebar can compact; core task remains usable.,If no explicit req: identify cited governance/accessibility/navigation/support/future basis before semantic closure; not automatically unauthorized. No new execution of this legacy ID claimed
Test without direct requirement,QA-HO-001,UNKNOWN,C:\Mingo\03_Kiem_thu\QA_QC\phase2\qa_cases.json:1233,QA spec: Developer handoff completeness; declared req=blank; expected=Developer can implement Phase 3–5 UI without inventing missing interaction semantics.,If no explicit req: identify cited governance/accessibility/navigation/support/future basis before semantic closure; not automatically unauthorized. No new execution of this legacy ID claimed
Test without direct requirement,QA-HO-002,UNKNOWN,C:\Mingo\03_Kiem_thu\QA_QC\phase2\qa_cases.json:1248,QA spec: Token source; declared req=blank; expected=Named tokens match; implementation can consume stable semantic names.,If no explicit req: identify cited governance/accessibility/navigation/support/future basis before semantic closure; not automatically unauthorized. No new execution of this legacy ID claimed
Test without direct requirement,QA-HO-003,UNKNOWN,C:\Mingo\03_Kiem_thu\QA_QC\phase2\qa_cases.json:1263,QA spec: Test ID guidance; declared req=blank; expected=Recommended data-testid keys are stable and derived from screen/component IDs.,If no explicit req: identify cited governance/accessibility/navigation/support/future basis before semantic closure; not automatically unauthorized. No new execution of this legacy ID claimed
Test without direct requirement,QA-HO-004,UNKNOWN,C:\Mingo\03_Kiem_thu\QA_QC\phase2\qa_cases.json:1278,QA spec: No production code claim; declared req=blank; expected=Prototype clearly labelled non-production and contains no backend business implementation.,If no explicit req: identify cited governance/accessibility/navigation/support/future basis before semantic closure; not automatically unauthorized. No new execution of this legacy ID claimed
Test without direct requirement,QA-HO-005,UNKNOWN,C:\Mingo\03_Kiem_thu\QA_QC\phase2\qa_cases.json:1293,"QA spec: QA package signoff fields; declared req=blank; expected=QC, QA, Product/Owner and Tech Lead fields exist with exit criteria.",If no explicit req: identify cited governance/accessibility/navigation/support/future basis before semantic closure; not automatically unauthorized. No new execution of this legacy ID claimed
Test without direct requirement,QA-ACC-013,UNKNOWN,C:\Mingo\03_Kiem_thu\QA_QC\phase2\qa_cases.json:1368,QA spec: Critical form fields have programmatic accessible names; declared req=blank; expected=Each form control has a stable programmatic name through native label association or equivalent semantics.,If no explicit req: identify cited governance/accessibility/navigation/support/future basis before semantic closure; not automatically unauthorized. No new execution of this legacy ID claimed
Test without direct requirement,QA-HO-006,UNKNOWN,C:\Mingo\03_Kiem_thu\QA_QC\phase2\qa_cases.json:1383,QA spec: Gate-critical Screen/State → QA mapping is explicit; declared req=blank; expected=Every inventory screen is explicitly marked gate-critical or supporting-only and maps to QA cases; gate-critical states have test references without inference.,If no explicit req: identify cited governance/accessibility/navigation/support/future basis before semantic closure; not automatically unauthorized. No new execution of this legacy ID claimed
Requirement without complete acceptance/test chain,PRD-01,UNKNOWN,Actual workbook UNKNOWN; C:\Mingo\02_Tai_lieu_du_an\04_Thiet_ke_san_pham/MVP_PRD.md:19,"Repo acceptance + QA spec present, formal workbook Test/AC links and runtime proof not known","Map actual AC/Test IDs; distinguish spec, executable and executed"
Requirement without complete acceptance/test chain,PRD-02,UNKNOWN,Actual workbook UNKNOWN; C:\Mingo\02_Tai_lieu_du_an\04_Thiet_ke_san_pham/MVP_PRD.md:20,"Repo acceptance + QA spec present, formal workbook Test/AC links and runtime proof not known","Map actual AC/Test IDs; distinguish spec, executable and executed"
Requirement without complete acceptance/test chain,PRD-03,UNKNOWN,Actual workbook UNKNOWN; C:\Mingo\02_Tai_lieu_du_an\04_Thiet_ke_san_pham/MVP_PRD.md:21,"Repo acceptance + QA spec present, formal workbook Test/AC links and runtime proof not known","Map actual AC/Test IDs; distinguish spec, executable and executed"
Requirement without complete acceptance/test chain,PRD-04,UNKNOWN,Actual workbook UNKNOWN; C:\Mingo\02_Tai_lieu_du_an\04_Thiet_ke_san_pham/MVP_PRD.md:22,"Repo acceptance + QA spec present, formal workbook Test/AC links and runtime proof not known","Map actual AC/Test IDs; distinguish spec, executable and executed"
Requirement without complete acceptance/test chain,PRD-05,UNKNOWN,Actual workbook UNKNOWN; C:\Mingo\02_Tai_lieu_du_an\04_Thiet_ke_san_pham/MVP_PRD.md:23,"Repo acceptance + QA spec present, formal workbook Test/AC links and runtime proof not known","Map actual AC/Test IDs; distinguish spec, executable and executed"
Requirement without complete acceptance/test chain,PRD-06,UNKNOWN,Actual workbook UNKNOWN; C:\Mingo\02_Tai_lieu_du_an\04_Thiet_ke_san_pham/MVP_PRD.md:24,"Repo acceptance + QA spec present, formal workbook Test/AC links and runtime proof not known","Map actual AC/Test IDs; distinguish spec, executable and executed"
Requirement without complete acceptance/test chain,PRD-07,UNKNOWN,Actual workbook UNKNOWN; C:\Mingo\02_Tai_lieu_du_an\04_Thiet_ke_san_pham/MVP_PRD.md:25,"Repo acceptance + QA spec present, formal workbook Test/AC links and runtime proof not known","Map actual AC/Test IDs; distinguish spec, executable and executed"
Requirement without complete acceptance/test chain,PRD-08,UNKNOWN,Actual workbook UNKNOWN; C:\Mingo\02_Tai_lieu_du_an\04_Thiet_ke_san_pham/MVP_PRD.md:26,"Repo acceptance + QA spec present, formal workbook Test/AC links and runtime proof not known","Map actual AC/Test IDs; distinguish spec, executable and executed"
Requirement without complete acceptance/test chain,PRD-09,UNKNOWN,Actual workbook UNKNOWN; C:\Mingo\02_Tai_lieu_du_an\04_Thiet_ke_san_pham/MVP_PRD.md:27,"Repo acceptance + QA spec present, formal workbook Test/AC links and runtime proof not known","Map actual AC/Test IDs; distinguish spec, executable and executed"
Requirement without complete acceptance/test chain,PRD-10,UNKNOWN,Actual workbook UNKNOWN; C:\Mingo\02_Tai_lieu_du_an\04_Thiet_ke_san_pham/MVP_PRD.md:28,"Repo acceptance + QA spec present, formal workbook Test/AC links and runtime proof not known","Map actual AC/Test IDs; distinguish spec, executable and executed"
Requirement without complete acceptance/test chain,PRD-11,UNKNOWN,Actual workbook UNKNOWN; C:\Mingo\02_Tai_lieu_du_an\04_Thiet_ke_san_pham/MVP_PRD.md:29,"Repo acceptance + QA spec present, formal workbook Test/AC links and runtime proof not known","Map actual AC/Test IDs; distinguish spec, executable and executed"
Requirement without complete acceptance/test chain,PRD-12,UNKNOWN,Actual workbook UNKNOWN; C:\Mingo\02_Tai_lieu_du_an\04_Thiet_ke_san_pham/MVP_PRD.md:30,"Repo acceptance + QA spec present, formal workbook Test/AC links and runtime proof not known","Map actual AC/Test IDs; distinguish spec, executable and executed"
Requirement without complete acceptance/test chain,PRD-13,UNKNOWN,Actual workbook UNKNOWN; C:\Mingo\02_Tai_lieu_du_an\04_Thiet_ke_san_pham/MVP_PRD.md:31,"Repo acceptance + QA spec present, formal workbook Test/AC links and runtime proof not known","Map actual AC/Test IDs; distinguish spec, executable and executed"
Requirement without complete acceptance/test chain,PRD-14,UNKNOWN,Actual workbook UNKNOWN; C:\Mingo\02_Tai_lieu_du_an\04_Thiet_ke_san_pham/MVP_PRD.md:32,"Repo acceptance + QA spec present, formal workbook Test/AC links and runtime proof not known","Map actual AC/Test IDs; distinguish spec, executable and executed"
Requirement without complete acceptance/test chain,PRD-15,UNKNOWN,Actual workbook UNKNOWN; C:\Mingo\02_Tai_lieu_du_an\04_Thiet_ke_san_pham/MVP_PRD.md:33,"Repo acceptance + QA spec present, formal workbook Test/AC links and runtime proof not known","Map actual AC/Test IDs; distinguish spec, executable and executed"
Requirement without complete acceptance/test chain,PRD-16,UNKNOWN,Actual workbook UNKNOWN; C:\Mingo\02_Tai_lieu_du_an\04_Thiet_ke_san_pham/MVP_PRD.md:34,"Repo acceptance + QA spec present, formal workbook Test/AC links and runtime proof not known","Map actual AC/Test IDs; distinguish spec, executable and executed"
Executable check without product requirement,04_Van_hanh/tests/test_original_contract_adapter.py,SEMANTICALLY SUPPORTED,04_Van_hanh/tests/test_original_contract_adapter.py,"Foundation adapter guards test audit integrity, not product feature",Execution result recorded at suite boundary; do not synthesize QA-ID pass mapping
Executable check without product requirement,01_San_pham/backend/tests,SEMANTICALLY SUPPORTED,01_San_pham/backend/tests,API/worker/database foundation; not learning/account implementation,Execution result recorded at suite boundary; do not synthesize QA-ID pass mapping
Executable check without explicit legacy QA ID,C:\Mingo\01_San_pham\cong_cu_phat_trien\mingo_ui\test\fixture_test.dart,SEMANTICALLY SUPPORTED,C:\Mingo\01_San_pham\cong_cu_phat_trien\mingo_ui\test\fixture_test.dart,Named invariants and catalog states inherit PRD/rule coverage; not one-to-one legacy QA result,Execution result recorded at suite boundary; do not synthesize QA-ID pass mapping
Executable check without explicit legacy QA ID,C:\Mingo\01_San_pham\cong_cu_phat_trien\mingo_ui\test\independent_test.dart,SEMANTICALLY SUPPORTED,C:\Mingo\01_San_pham\cong_cu_phat_trien\mingo_ui\test\independent_test.dart,Named invariants and catalog states inherit PRD/rule coverage; not one-to-one legacy QA result,Execution result recorded at suite boundary; do not synthesize QA-ID pass mapping
Executable check without explicit legacy QA ID,C:\Mingo\01_San_pham\cong_cu_phat_trien\mingo_ui\test\presentation_test.dart,SEMANTICALLY SUPPORTED,C:\Mingo\01_San_pham\cong_cu_phat_trien\mingo_ui\test\presentation_test.dart,Named invariants and catalog states inherit PRD/rule coverage; not one-to-one legacy QA result,Execution result recorded at suite boundary; do not synthesize QA-ID pass mapping
