screen_id,screen,state,classification,rule,qa_cases,evidence
L-001,Launch,Loading,GATE-CRITICAL,No business decision performed here,QC-003; QA-NAV-001,Mapping reviewed: 06_quality/phase2/evidence/codex/review/QA-HO-006.json; linked case results in 06_quality/phase2/QA_TEST_CASES.csv. Specific state runtime coverage requires independent confirmation.
L-001,Launch,error,GATE-CRITICAL,No business decision performed here,QC-003; QA-NAV-001,Mapping reviewed: 06_quality/phase2/evidence/codex/review/QA-HO-006.json; linked case results in 06_quality/phase2/QA_TEST_CASES.csv. Specific state runtime coverage requires independent confirmation.
L-001,Launch,offline bootstrap,GATE-CRITICAL,No business decision performed here,QC-003; QA-NAV-001,Mapping reviewed: 06_quality/phase2/evidence/codex/review/QA-HO-006.json; linked case results in 06_quality/phase2/QA_TEST_CASES.csv. Specific state runtime coverage requires independent confirmation.
L-002,Welcome,Default,GATE-CRITICAL,No efficacy/mastery claim,QA-NAV-002; QA-LRN-015,Mapping reviewed: 06_quality/phase2/evidence/codex/review/QA-HO-006.json; linked case results in 06_quality/phase2/QA_TEST_CASES.csv. Specific state runtime coverage requires independent confirmation.
L-002,Welcome,loading,GATE-CRITICAL,No efficacy/mastery claim,QA-NAV-002; QA-LRN-015,Mapping reviewed: 06_quality/phase2/evidence/codex/review/QA-HO-006.json; linked case results in 06_quality/phase2/QA_TEST_CASES.csv. Specific state runtime coverage requires independent confirmation.
L-003,Goal,Default,GATE-CRITICAL,Goal cannot rewrite measured skill,QA-LRN-017; QA-BIZ-008,Mapping reviewed: 06_quality/phase2/evidence/codex/review/QA-HO-006.json; linked case results in 06_quality/phase2/QA_TEST_CASES.csv. Specific state runtime coverage requires independent confirmation.
L-003,Goal,selected,GATE-CRITICAL,Goal cannot rewrite measured skill,QA-LRN-017; QA-BIZ-008,Mapping reviewed: 06_quality/phase2/evidence/codex/review/QA-HO-006.json; linked case results in 06_quality/phase2/QA_TEST_CASES.csv. Specific state runtime coverage requires independent confirmation.
L-003,Goal,error,GATE-CRITICAL,Goal cannot rewrite measured skill,QA-LRN-017; QA-BIZ-008,Mapping reviewed: 06_quality/phase2/evidence/codex/review/QA-HO-006.json; linked case results in 06_quality/phase2/QA_TEST_CASES.csv. Specific state runtime coverage requires independent confirmation.
L-004,Placement Offer,Default,GATE-CRITICAL,Placement optional; missing evidence allowed,QA-LRN-015; QA-LRN-016,Mapping reviewed: 06_quality/phase2/evidence/codex/review/QA-HO-006.json; linked case results in 06_quality/phase2/QA_TEST_CASES.csv. Specific state runtime coverage requires independent confirmation.
L-004,Placement Offer,unavailable,GATE-CRITICAL,Placement optional; missing evidence allowed,QA-LRN-015; QA-LRN-016,Mapping reviewed: 06_quality/phase2/evidence/codex/review/QA-HO-006.json; linked case results in 06_quality/phase2/QA_TEST_CASES.csv. Specific state runtime coverage requires independent confirmation.
L-005,Placement Question,Ready,GATE-CRITICAL,Placement response requires explicit selection/allowed domain skip; provisional only; listening play request is not score authority.,QA-LRN-015; QA-LRN-023; QA-ACC-006,Mapping reviewed: 06_quality/phase2/evidence/codex/review/QA-HO-006.json; linked case results in 06_quality/phase2/QA_TEST_CASES.csv. Specific state runtime coverage requires independent confirmation.
L-005,Placement Question,selected,GATE-CRITICAL,Placement response requires explicit selection/allowed domain skip; provisional only; listening play request is not score authority.,QA-LRN-015; QA-LRN-023; QA-ACC-006,Mapping reviewed: 06_quality/phase2/evidence/codex/review/QA-HO-006.json; linked case results in 06_quality/phase2/QA_TEST_CASES.csv. Specific state runtime coverage requires independent confirmation.
L-005,Placement Question,validation-error,GATE-CRITICAL,Placement response requires explicit selection/allowed domain skip; provisional only; listening play request is not score authority.,QA-LRN-015; QA-LRN-023; QA-ACC-006,Mapping reviewed: 06_quality/phase2/evidence/codex/review/QA-HO-006.json; linked case results in 06_quality/phase2/QA_TEST_CASES.csv. Specific state runtime coverage requires independent confirmation.
L-005,Placement Question,submitting,GATE-CRITICAL,Placement response requires explicit selection/allowed domain skip; provisional only; listening play request is not score authority.,QA-LRN-015; QA-LRN-023; QA-ACC-006,Mapping reviewed: 06_quality/phase2/evidence/codex/review/QA-HO-006.json; linked case results in 06_quality/phase2/QA_TEST_CASES.csv. Specific state runtime coverage requires independent confirmation.
L-005,Placement Question,result,GATE-CRITICAL,Placement response requires explicit selection/allowed domain skip; provisional only; listening play request is not score authority.,QA-LRN-015; QA-LRN-023; QA-ACC-006,Mapping reviewed: 06_quality/phase2/evidence/codex/review/QA-HO-006.json; linked case results in 06_quality/phase2/QA_TEST_CASES.csv. Specific state runtime coverage requires independent confirmation.
L-005,Placement Question,skipped-domain,GATE-CRITICAL,Placement response requires explicit selection/allowed domain skip; provisional only; listening play request is not score authority.,QA-LRN-015; QA-LRN-023; QA-ACC-006,Mapping reviewed: 06_quality/phase2/evidence/codex/review/QA-HO-006.json; linked case results in 06_quality/phase2/QA_TEST_CASES.csv. Specific state runtime coverage requires independent confirmation.
L-005,Placement Question,audio-unavailable,GATE-CRITICAL,Placement response requires explicit selection/allowed domain skip; provisional only; listening play request is not score authority.,QA-LRN-015; QA-LRN-023; QA-ACC-006,Mapping reviewed: 06_quality/phase2/evidence/codex/review/QA-HO-006.json; linked case results in 06_quality/phase2/QA_TEST_CASES.csv. Specific state runtime coverage requires independent confirmation.
L-006,Placement Result,Complete,GATE-CRITICAL,Qualitative/provisional language only,QA-LRN-016,Mapping reviewed: 06_quality/phase2/evidence/codex/review/QA-HO-006.json; linked case results in 06_quality/phase2/QA_TEST_CASES.csv. Specific state runtime coverage requires independent confirmation.
L-006,Placement Result,insufficient-evidence,GATE-CRITICAL,Qualitative/provisional language only,QA-LRN-016,Mapping reviewed: 06_quality/phase2/evidence/codex/review/QA-HO-006.json; linked case results in 06_quality/phase2/QA_TEST_CASES.csv. Specific state runtime coverage requires independent confirmation.
L-010,Home,Online,GATE-CRITICAL,Reason copy must match logged reason; no risk/mastery percentage,QA-NAV-001; QA-LRN-019; QA-BIZ-011,Mapping reviewed: 06_quality/phase2/evidence/codex/review/QA-HO-006.json; linked case results in 06_quality/phase2/QA_TEST_CASES.csv. Specific state runtime coverage requires independent confirmation.
L-010,Home,offline,GATE-CRITICAL,Reason copy must match logged reason; no risk/mastery percentage,QA-NAV-001; QA-LRN-019; QA-BIZ-011,Mapping reviewed: 06_quality/phase2/evidence/codex/review/QA-HO-006.json; linked case results in 06_quality/phase2/QA_TEST_CASES.csv. Specific state runtime coverage requires independent confirmation.
L-010,Home,syncing,GATE-CRITICAL,Reason copy must match logged reason; no risk/mastery percentage,QA-NAV-001; QA-LRN-019; QA-BIZ-011,Mapping reviewed: 06_quality/phase2/evidence/codex/review/QA-HO-006.json; linked case results in 06_quality/phase2/QA_TEST_CASES.csv. Specific state runtime coverage requires independent confirmation.
L-010,Home,nothing-due,GATE-CRITICAL,Reason copy must match logged reason; no risk/mastery percentage,QA-NAV-001; QA-LRN-019; QA-BIZ-011,Mapping reviewed: 06_quality/phase2/evidence/codex/review/QA-HO-006.json; linked case results in 06_quality/phase2/QA_TEST_CASES.csv. Specific state runtime coverage requires independent confirmation.
L-010,Home,recommendation-unavailable,GATE-CRITICAL,Reason copy must match logged reason; no risk/mastery percentage,QA-NAV-001; QA-LRN-019; QA-BIZ-011,Mapping reviewed: 06_quality/phase2/evidence/codex/review/QA-HO-006.json; linked case results in 06_quality/phase2/QA_TEST_CASES.csv. Specific state runtime coverage requires independent confirmation.
L-011,Home Offline,Offline,GATE-CRITICAL,Queued is not server-confirmed,QA-OFF-001; QA-OFF-007,Mapping reviewed: 06_quality/phase2/evidence/codex/review/QA-HO-006.json; linked case results in 06_quality/phase2/QA_TEST_CASES.csv. Specific state runtime coverage requires independent confirmation.
L-011,Home Offline,queued,GATE-CRITICAL,Queued is not server-confirmed,QA-OFF-001; QA-OFF-007,Mapping reviewed: 06_quality/phase2/evidence/codex/review/QA-HO-006.json; linked case results in 06_quality/phase2/QA_TEST_CASES.csv. Specific state runtime coverage requires independent confirmation.
L-012,Home Syncing,Syncing,GATE-CRITICAL,No duplicate progress/reward from retries,QA-OFF-002; QA-OFF-007,Mapping reviewed: 06_quality/phase2/evidence/codex/review/QA-HO-006.json; linked case results in 06_quality/phase2/QA_TEST_CASES.csv. Specific state runtime coverage requires independent confirmation.
L-012,Home Syncing,partial,GATE-CRITICAL,No duplicate progress/reward from retries,QA-OFF-002; QA-OFF-007,Mapping reviewed: 06_quality/phase2/evidence/codex/review/QA-HO-006.json; linked case results in 06_quality/phase2/QA_TEST_CASES.csv. Specific state runtime coverage requires independent confirmation.
L-020,Learn Hub,Ready,GATE-CRITICAL,No infinite feed,QA-LRN-001; QA-LRN-019; QA-LRN-022; QA-LRN-023,Mapping reviewed: 06_quality/phase2/evidence/codex/review/QA-HO-006.json; linked case results in 06_quality/phase2/QA_TEST_CASES.csv. Specific state runtime coverage requires independent confirmation.
L-020,Learn Hub,resume,GATE-CRITICAL,No infinite feed,QA-LRN-001; QA-LRN-019; QA-LRN-022; QA-LRN-023,Mapping reviewed: 06_quality/phase2/evidence/codex/review/QA-HO-006.json; linked case results in 06_quality/phase2/QA_TEST_CASES.csv. Specific state runtime coverage requires independent confirmation.
L-020,Learn Hub,content-gap,GATE-CRITICAL,No infinite feed,QA-LRN-001; QA-LRN-019; QA-LRN-022; QA-LRN-023,Mapping reviewed: 06_quality/phase2/evidence/codex/review/QA-HO-006.json; linked case results in 06_quality/phase2/QA_TEST_CASES.csv. Specific state runtime coverage requires independent confirmation.
L-021,Cycle Intro,Ready,GATE-CRITICAL,~5 min is configurable hypothesis; objective/reason explicit,QA-LRN-001; QA-LRN-002,Mapping reviewed: 06_quality/phase2/evidence/codex/review/QA-HO-006.json; linked case results in 06_quality/phase2/QA_TEST_CASES.csv. Specific state runtime coverage requires independent confirmation.
L-021,Cycle Intro,offline-capable,GATE-CRITICAL,~5 min is configurable hypothesis; objective/reason explicit,QA-LRN-001; QA-LRN-002,Mapping reviewed: 06_quality/phase2/evidence/codex/review/QA-HO-006.json; linked case results in 06_quality/phase2/QA_TEST_CASES.csv. Specific state runtime coverage requires independent confirmation.
L-021,Cycle Intro,content-unavailable,GATE-CRITICAL,~5 min is configurable hypothesis; objective/reason explicit,QA-LRN-001; QA-LRN-002,Mapping reviewed: 06_quality/phase2/evidence/codex/review/QA-HO-006.json; linked case results in 06_quality/phase2/QA_TEST_CASES.csv. Specific state runtime coverage requires independent confirmation.
L-022,Review Item,Ready,GATE-CRITICAL,Blank submit is impossible; Skip is explicit and creates no completion/mastery.,QA-LRN-003; QA-LRN-009; QA-LRN-021,Mapping reviewed: 06_quality/phase2/evidence/codex/review/QA-HO-006.json; linked case results in 06_quality/phase2/QA_TEST_CASES.csv. Specific state runtime coverage requires independent confirmation.
L-022,Review Item,selected,GATE-CRITICAL,Blank submit is impossible; Skip is explicit and creates no completion/mastery.,QA-LRN-003; QA-LRN-009; QA-LRN-021,Mapping reviewed: 06_quality/phase2/evidence/codex/review/QA-HO-006.json; linked case results in 06_quality/phase2/QA_TEST_CASES.csv. Specific state runtime coverage requires independent confirmation.
L-022,Review Item,validation-error,GATE-CRITICAL,Blank submit is impossible; Skip is explicit and creates no completion/mastery.,QA-LRN-003; QA-LRN-009; QA-LRN-021,Mapping reviewed: 06_quality/phase2/evidence/codex/review/QA-HO-006.json; linked case results in 06_quality/phase2/QA_TEST_CASES.csv. Specific state runtime coverage requires independent confirmation.
L-022,Review Item,submitted-result,GATE-CRITICAL,Blank submit is impossible; Skip is explicit and creates no completion/mastery.,QA-LRN-003; QA-LRN-009; QA-LRN-021,Mapping reviewed: 06_quality/phase2/evidence/codex/review/QA-HO-006.json; linked case results in 06_quality/phase2/QA_TEST_CASES.csv. Specific state runtime coverage requires independent confirmation.
L-022,Review Item,skipped,GATE-CRITICAL,Blank submit is impossible; Skip is explicit and creates no completion/mastery.,QA-LRN-003; QA-LRN-009; QA-LRN-021,Mapping reviewed: 06_quality/phase2/evidence/codex/review/QA-HO-006.json; linked case results in 06_quality/phase2/QA_TEST_CASES.csv. Specific state runtime coverage requires independent confirmation.
L-023,Learn Content,Ready,GATE-CRITICAL,Reading explanation alone is not mastery,QA-LRN-004; QA-LRN-005; QA-LRN-023,Mapping reviewed: 06_quality/phase2/evidence/codex/review/QA-HO-006.json; linked case results in 06_quality/phase2/QA_TEST_CASES.csv. Specific state runtime coverage requires independent confirmation.
L-023,Learn Content,audio-loading,GATE-CRITICAL,Reading explanation alone is not mastery,QA-LRN-004; QA-LRN-005; QA-LRN-023,Mapping reviewed: 06_quality/phase2/evidence/codex/review/QA-HO-006.json; linked case results in 06_quality/phase2/QA_TEST_CASES.csv. Specific state runtime coverage requires independent confirmation.
L-023,Learn Content,audio-unavailable,GATE-CRITICAL,Reading explanation alone is not mastery,QA-LRN-004; QA-LRN-005; QA-LRN-023,Mapping reviewed: 06_quality/phase2/evidence/codex/review/QA-HO-006.json; linked case results in 06_quality/phase2/QA_TEST_CASES.csv. Specific state runtime coverage requires independent confirmation.
L-024,Retrieve Item,Ready,GATE-CRITICAL,First response is preserved; assisted flag persists independently of feedback; one retry is the current configurable policy.,QA-LRN-006; QA-LRN-007; QA-LRN-008; QA-LRN-009,Mapping reviewed: 06_quality/phase2/evidence/codex/review/QA-HO-006.json; linked case results in 06_quality/phase2/QA_TEST_CASES.csv. Specific state runtime coverage requires independent confirmation.
L-024,Retrieve Item,selected,GATE-CRITICAL,First response is preserved; assisted flag persists independently of feedback; one retry is the current configurable policy.,QA-LRN-006; QA-LRN-007; QA-LRN-008; QA-LRN-009,Mapping reviewed: 06_quality/phase2/evidence/codex/review/QA-HO-006.json; linked case results in 06_quality/phase2/QA_TEST_CASES.csv. Specific state runtime coverage requires independent confirmation.
L-024,Retrieve Item,hinted,GATE-CRITICAL,First response is preserved; assisted flag persists independently of feedback; one retry is the current configurable policy.,QA-LRN-006; QA-LRN-007; QA-LRN-008; QA-LRN-009,Mapping reviewed: 06_quality/phase2/evidence/codex/review/QA-HO-006.json; linked case results in 06_quality/phase2/QA_TEST_CASES.csv. Specific state runtime coverage requires independent confirmation.
L-024,Retrieve Item,submitted-result,GATE-CRITICAL,First response is preserved; assisted flag persists independently of feedback; one retry is the current configurable policy.,QA-LRN-006; QA-LRN-007; QA-LRN-008; QA-LRN-009,Mapping reviewed: 06_quality/phase2/evidence/codex/review/QA-HO-006.json; linked case results in 06_quality/phase2/QA_TEST_CASES.csv. Specific state runtime coverage requires independent confirmation.
L-024,Retrieve Item,retry-available,GATE-CRITICAL,First response is preserved; assisted flag persists independently of feedback; one retry is the current configurable policy.,QA-LRN-006; QA-LRN-007; QA-LRN-008; QA-LRN-009,Mapping reviewed: 06_quality/phase2/evidence/codex/review/QA-HO-006.json; linked case results in 06_quality/phase2/QA_TEST_CASES.csv. Specific state runtime coverage requires independent confirmation.
L-024,Retrieve Item,retry-exhausted,GATE-CRITICAL,First response is preserved; assisted flag persists independently of feedback; one retry is the current configurable policy.,QA-LRN-006; QA-LRN-007; QA-LRN-008; QA-LRN-009,Mapping reviewed: 06_quality/phase2/evidence/codex/review/QA-HO-006.json; linked case results in 06_quality/phase2/QA_TEST_CASES.csv. Specific state runtime coverage requires independent confirmation.
L-024,Retrieve Item,skipped,GATE-CRITICAL,First response is preserved; assisted flag persists independently of feedback; one retry is the current configurable policy.,QA-LRN-006; QA-LRN-007; QA-LRN-008; QA-LRN-009,Mapping reviewed: 06_quality/phase2/evidence/codex/review/QA-HO-006.json; linked case results in 06_quality/phase2/QA_TEST_CASES.csv. Specific state runtime coverage requires independent confirmation.
L-025,Transfer Item,Ready,GATE-CRITICAL,Blank submit is impossible; transfer is within objective and does not change level.,QA-LRN-005; QA-LRN-021,Mapping reviewed: 06_quality/phase2/evidence/codex/review/QA-HO-006.json; linked case results in 06_quality/phase2/QA_TEST_CASES.csv. Specific state runtime coverage requires independent confirmation.
L-025,Transfer Item,selected,GATE-CRITICAL,Blank submit is impossible; transfer is within objective and does not change level.,QA-LRN-005; QA-LRN-021,Mapping reviewed: 06_quality/phase2/evidence/codex/review/QA-HO-006.json; linked case results in 06_quality/phase2/QA_TEST_CASES.csv. Specific state runtime coverage requires independent confirmation.
L-025,Transfer Item,validation-error,GATE-CRITICAL,Blank submit is impossible; transfer is within objective and does not change level.,QA-LRN-005; QA-LRN-021,Mapping reviewed: 06_quality/phase2/evidence/codex/review/QA-HO-006.json; linked case results in 06_quality/phase2/QA_TEST_CASES.csv. Specific state runtime coverage requires independent confirmation.
L-025,Transfer Item,submitted-result,GATE-CRITICAL,Blank submit is impossible; transfer is within objective and does not change level.,QA-LRN-005; QA-LRN-021,Mapping reviewed: 06_quality/phase2/evidence/codex/review/QA-HO-006.json; linked case results in 06_quality/phase2/QA_TEST_CASES.csv. Specific state runtime coverage requires independent confirmation.
L-025,Transfer Item,skipped,GATE-CRITICAL,Blank submit is impossible; transfer is within objective and does not change level.,QA-LRN-005; QA-LRN-021,Mapping reviewed: 06_quality/phase2/evidence/codex/review/QA-HO-006.json; linked case results in 06_quality/phase2/QA_TEST_CASES.csv. Specific state runtime coverage requires independent confirmation.
L-026,Check Intro,Ready,GATE-CRITICAL,No pre-submit hint in Check,QA-LRN-013,Mapping reviewed: 06_quality/phase2/evidence/codex/review/QA-HO-006.json; linked case results in 06_quality/phase2/QA_TEST_CASES.csv. Specific state runtime coverage requires independent confirmation.
L-027,Check Item,Ready,GATE-CRITICAL,No pre-submit hint; blank submit impossible; Check has no practice retry; listening play requests are client telemetry only.,QA-LRN-013; QA-LRN-014; QA-LRN-021; QA-LRN-023,Mapping reviewed: 06_quality/phase2/evidence/codex/review/QA-HO-006.json; linked case results in 06_quality/phase2/QA_TEST_CASES.csv. Specific state runtime coverage requires independent confirmation.
L-027,Check Item,selected,GATE-CRITICAL,No pre-submit hint; blank submit impossible; Check has no practice retry; listening play requests are client telemetry only.,QA-LRN-013; QA-LRN-014; QA-LRN-021; QA-LRN-023,Mapping reviewed: 06_quality/phase2/evidence/codex/review/QA-HO-006.json; linked case results in 06_quality/phase2/QA_TEST_CASES.csv. Specific state runtime coverage requires independent confirmation.
L-027,Check Item,validation-error,GATE-CRITICAL,No pre-submit hint; blank submit impossible; Check has no practice retry; listening play requests are client telemetry only.,QA-LRN-013; QA-LRN-014; QA-LRN-021; QA-LRN-023,Mapping reviewed: 06_quality/phase2/evidence/codex/review/QA-HO-006.json; linked case results in 06_quality/phase2/QA_TEST_CASES.csv. Specific state runtime coverage requires independent confirmation.
L-027,Check Item,submitting,GATE-CRITICAL,No pre-submit hint; blank submit impossible; Check has no practice retry; listening play requests are client telemetry only.,QA-LRN-013; QA-LRN-014; QA-LRN-021; QA-LRN-023,Mapping reviewed: 06_quality/phase2/evidence/codex/review/QA-HO-006.json; linked case results in 06_quality/phase2/QA_TEST_CASES.csv. Specific state runtime coverage requires independent confirmation.
L-027,Check Item,result,GATE-CRITICAL,No pre-submit hint; blank submit impossible; Check has no practice retry; listening play requests are client telemetry only.,QA-LRN-013; QA-LRN-014; QA-LRN-021; QA-LRN-023,Mapping reviewed: 06_quality/phase2/evidence/codex/review/QA-HO-006.json; linked case results in 06_quality/phase2/QA_TEST_CASES.csv. Specific state runtime coverage requires independent confirmation.
L-027,Check Item,audio-ready,GATE-CRITICAL,No pre-submit hint; blank submit impossible; Check has no practice retry; listening play requests are client telemetry only.,QA-LRN-013; QA-LRN-014; QA-LRN-021; QA-LRN-023,Mapping reviewed: 06_quality/phase2/evidence/codex/review/QA-HO-006.json; linked case results in 06_quality/phase2/QA_TEST_CASES.csv. Specific state runtime coverage requires independent confirmation.
L-027,Check Item,audio-unavailable,GATE-CRITICAL,No pre-submit hint; blank submit impossible; Check has no practice retry; listening play requests are client telemetry only.,QA-LRN-013; QA-LRN-014; QA-LRN-021; QA-LRN-023,Mapping reviewed: 06_quality/phase2/evidence/codex/review/QA-HO-006.json; linked case results in 06_quality/phase2/QA_TEST_CASES.csv. Specific state runtime coverage requires independent confirmation.
L-027,Check Item,play-limit-reached,GATE-CRITICAL,No pre-submit hint; blank submit impossible; Check has no practice retry; listening play requests are client telemetry only.,QA-LRN-013; QA-LRN-014; QA-LRN-021; QA-LRN-023,Mapping reviewed: 06_quality/phase2/evidence/codex/review/QA-HO-006.json; linked case results in 06_quality/phase2/QA_TEST_CASES.csv. Specific state runtime coverage requires independent confirmation.
L-028,Correct Feedback,Default,GATE-CRITICAL,Reward/copy cannot imply validated mastery from one answer,QA-LRN-006,Mapping reviewed: 06_quality/phase2/evidence/codex/review/QA-HO-006.json; linked case results in 06_quality/phase2/QA_TEST_CASES.csv. Specific state runtime coverage requires independent confirmation.
L-029,Incorrect / Retry Feedback,Retry available,GATE-CRITICAL,Retry correct never overwrites first wrong,QA-LRN-007,Mapping reviewed: 06_quality/phase2/evidence/codex/review/QA-HO-006.json; linked case results in 06_quality/phase2/QA_TEST_CASES.csv. Specific state runtime coverage requires independent confirmation.
L-029,Incorrect / Retry Feedback,retry used,GATE-CRITICAL,Retry correct never overwrites first wrong,QA-LRN-007,Mapping reviewed: 06_quality/phase2/evidence/codex/review/QA-HO-006.json; linked case results in 06_quality/phase2/QA_TEST_CASES.csv. Specific state runtime coverage requires independent confirmation.
L-029,Incorrect / Retry Feedback,retry exhausted,GATE-CRITICAL,Retry correct never overwrites first wrong,QA-LRN-007,Mapping reviewed: 06_quality/phase2/evidence/codex/review/QA-HO-006.json; linked case results in 06_quality/phase2/QA_TEST_CASES.csv. Specific state runtime coverage requires independent confirmation.
L-030,Hint Panel,Default,GATE-CRITICAL,Hint use marks evidence assisted,QA-LRN-008,Mapping reviewed: 06_quality/phase2/evidence/codex/review/QA-HO-006.json; linked case results in 06_quality/phase2/QA_TEST_CASES.csv. Specific state runtime coverage requires independent confirmation.
L-030,Hint Panel,unavailable,GATE-CRITICAL,Hint use marks evidence assisted,QA-LRN-008,Mapping reviewed: 06_quality/phase2/evidence/codex/review/QA-HO-006.json; linked case results in 06_quality/phase2/QA_TEST_CASES.csv. Specific state runtime coverage requires independent confirmation.
L-031,Skip Confirmation,Default,GATE-CRITICAL,Skip != completion/mastery/streak,QA-LRN-009; QA-BIZ-003,Mapping reviewed: 06_quality/phase2/evidence/codex/review/QA-HO-006.json; linked case results in 06_quality/phase2/QA_TEST_CASES.csv. Specific state runtime coverage requires independent confirmation.
L-032,Cycle Summary,Complete,GATE-CRITICAL,No fake mastery %; user explicitly starts another cycle,QA-LRN-001; QA-LRN-012,Mapping reviewed: 06_quality/phase2/evidence/codex/review/QA-HO-006.json; linked case results in 06_quality/phase2/QA_TEST_CASES.csv. Specific state runtime coverage requires independent confirmation.
L-032,Cycle Summary,partial,GATE-CRITICAL,No fake mastery %; user explicitly starts another cycle,QA-LRN-001; QA-LRN-012,Mapping reviewed: 06_quality/phase2/evidence/codex/review/QA-HO-006.json; linked case results in 06_quality/phase2/QA_TEST_CASES.csv. Specific state runtime coverage requires independent confirmation.
L-032,Cycle Summary,sync-queued,GATE-CRITICAL,No fake mastery %; user explicitly starts another cycle,QA-LRN-001; QA-LRN-012,Mapping reviewed: 06_quality/phase2/evidence/codex/review/QA-HO-006.json; linked case results in 06_quality/phase2/QA_TEST_CASES.csv. Specific state runtime coverage requires independent confirmation.
L-033,Resume Cycle,Resume,GATE-CRITICAL,No duplicate submit on resume,QA-LRN-020; QA-OFF-005,Mapping reviewed: 06_quality/phase2/evidence/codex/review/QA-HO-006.json; linked case results in 06_quality/phase2/QA_TEST_CASES.csv. Specific state runtime coverage requires independent confirmation.
L-033,Resume Cycle,stale-content refresh,GATE-CRITICAL,No duplicate submit on resume,QA-LRN-020; QA-OFF-005,Mapping reviewed: 06_quality/phase2/evidence/codex/review/QA-HO-006.json; linked case results in 06_quality/phase2/QA_TEST_CASES.csv. Specific state runtime coverage requires independent confirmation.
L-040,Course Map,Open,GATE-CRITICAL,Preview does not unlock/progress,QA-LRN-018,Mapping reviewed: 06_quality/phase2/evidence/codex/review/QA-HO-006.json; linked case results in 06_quality/phase2/QA_TEST_CASES.csv. Specific state runtime coverage requires independent confirmation.
L-040,Course Map,due-review,GATE-CRITICAL,Preview does not unlock/progress,QA-LRN-018,Mapping reviewed: 06_quality/phase2/evidence/codex/review/QA-HO-006.json; linked case results in 06_quality/phase2/QA_TEST_CASES.csv. Specific state runtime coverage requires independent confirmation.
L-040,Course Map,locked,GATE-CRITICAL,Preview does not unlock/progress,QA-LRN-018,Mapping reviewed: 06_quality/phase2/evidence/codex/review/QA-HO-006.json; linked case results in 06_quality/phase2/QA_TEST_CASES.csv. Specific state runtime coverage requires independent confirmation.
L-040,Course Map,empty,GATE-CRITICAL,Preview does not unlock/progress,QA-LRN-018,Mapping reviewed: 06_quality/phase2/evidence/codex/review/QA-HO-006.json; linked case results in 06_quality/phase2/QA_TEST_CASES.csv. Specific state runtime coverage requires independent confirmation.
L-041,Objective Detail,Eligible,GATE-CRITICAL,Prerequisite guardrail remains authoritative,QA-BIZ-006; QA-BIZ-007; QA-BIZ-012,Mapping reviewed: 06_quality/phase2/evidence/codex/review/QA-HO-006.json; linked case results in 06_quality/phase2/QA_TEST_CASES.csv. Specific state runtime coverage requires independent confirmation.
L-041,Objective Detail,due,GATE-CRITICAL,Prerequisite guardrail remains authoritative,QA-BIZ-006; QA-BIZ-007; QA-BIZ-012,Mapping reviewed: 06_quality/phase2/evidence/codex/review/QA-HO-006.json; linked case results in 06_quality/phase2/QA_TEST_CASES.csv. Specific state runtime coverage requires independent confirmation.
L-041,Objective Detail,locked,GATE-CRITICAL,Prerequisite guardrail remains authoritative,QA-BIZ-006; QA-BIZ-007; QA-BIZ-012,Mapping reviewed: 06_quality/phase2/evidence/codex/review/QA-HO-006.json; linked case results in 06_quality/phase2/QA_TEST_CASES.csv. Specific state runtime coverage requires independent confirmation.
L-041,Objective Detail,insufficient-evidence,GATE-CRITICAL,Prerequisite guardrail remains authoritative,QA-BIZ-006; QA-BIZ-007; QA-BIZ-012,Mapping reviewed: 06_quality/phase2/evidence/codex/review/QA-HO-006.json; linked case results in 06_quality/phase2/QA_TEST_CASES.csv. Specific state runtime coverage requires independent confirmation.
L-042,Locked Preview,Preview-open,GATE-CRITICAL,"Preview cannot create evidence, progress, completion, prerequisite bypass or unlock.",QA-LRN-018,Mapping reviewed: 06_quality/phase2/evidence/codex/review/QA-HO-006.json; linked case results in 06_quality/phase2/QA_TEST_CASES.csv. Specific state runtime coverage requires independent confirmation.
L-042,Locked Preview,preview-close,GATE-CRITICAL,"Preview cannot create evidence, progress, completion, prerequisite bypass or unlock.",QA-LRN-018,Mapping reviewed: 06_quality/phase2/evidence/codex/review/QA-HO-006.json; linked case results in 06_quality/phase2/QA_TEST_CASES.csv. Specific state runtime coverage requires independent confirmation.
L-050,Profile,Default,GATE-CRITICAL,Engagement/streak not presented as mastery,QA-LRN-017; QA-BIZ-009; QA-BIZ-010,Mapping reviewed: 06_quality/phase2/evidence/codex/review/QA-HO-006.json; linked case results in 06_quality/phase2/QA_TEST_CASES.csv. Specific state runtime coverage requires independent confirmation.
L-050,Profile,insufficient-evidence,GATE-CRITICAL,Engagement/streak not presented as mastery,QA-LRN-017; QA-BIZ-009; QA-BIZ-010,Mapping reviewed: 06_quality/phase2/evidence/codex/review/QA-HO-006.json; linked case results in 06_quality/phase2/QA_TEST_CASES.csv. Specific state runtime coverage requires independent confirmation.
L-051,Evidence Detail,Building,GATE-CRITICAL,No diagnosis or precise mastery percentage without validated model,QA-LRN-017,Mapping reviewed: 06_quality/phase2/evidence/codex/review/QA-HO-006.json; linked case results in 06_quality/phase2/QA_TEST_CASES.csv. Specific state runtime coverage requires independent confirmation.
L-051,Evidence Detail,more-evidence-needed,GATE-CRITICAL,No diagnosis or precise mastery percentage without validated model,QA-LRN-017,Mapping reviewed: 06_quality/phase2/evidence/codex/review/QA-HO-006.json; linked case results in 06_quality/phase2/QA_TEST_CASES.csv. Specific state runtime coverage requires independent confirmation.
L-052,Goal Settings,Default,GATE-CRITICAL,Goal change does not rewrite competence,QA-BIZ-008,Mapping reviewed: 06_quality/phase2/evidence/codex/review/QA-HO-006.json; linked case results in 06_quality/phase2/QA_TEST_CASES.csv. Specific state runtime coverage requires independent confirmation.
L-052,Goal Settings,saved,GATE-CRITICAL,Goal change does not rewrite competence,QA-BIZ-008,Mapping reviewed: 06_quality/phase2/evidence/codex/review/QA-HO-006.json; linked case results in 06_quality/phase2/QA_TEST_CASES.csv. Specific state runtime coverage requires independent confirmation.
L-052,Goal Settings,error,GATE-CRITICAL,Goal change does not rewrite competence,QA-BIZ-008,Mapping reviewed: 06_quality/phase2/evidence/codex/review/QA-HO-006.json; linked case results in 06_quality/phase2/QA_TEST_CASES.csv. Specific state runtime coverage requires independent confirmation.
L-053,Learning Preferences,Default,GATE-CRITICAL,Preference cannot bypass required eligibility rules,QA-ACC-005,Mapping reviewed: 06_quality/phase2/evidence/codex/review/QA-HO-006.json; linked case results in 06_quality/phase2/QA_TEST_CASES.csv. Specific state runtime coverage requires independent confirmation.
L-053,Learning Preferences,saved,GATE-CRITICAL,Preference cannot bypass required eligibility rules,QA-ACC-005,Mapping reviewed: 06_quality/phase2/evidence/codex/review/QA-HO-006.json; linked case results in 06_quality/phase2/QA_TEST_CASES.csv. Specific state runtime coverage requires independent confirmation.
L-054,Offline Downloads,Available,GATE-CRITICAL,Access grant/package rules remain server-authoritative,QA-OFF-001,Mapping reviewed: 06_quality/phase2/evidence/codex/review/QA-HO-006.json; linked case results in 06_quality/phase2/QA_TEST_CASES.csv. Specific state runtime coverage requires independent confirmation.
L-054,Offline Downloads,downloading,GATE-CRITICAL,Access grant/package rules remain server-authoritative,QA-OFF-001,Mapping reviewed: 06_quality/phase2/evidence/codex/review/QA-HO-006.json; linked case results in 06_quality/phase2/QA_TEST_CASES.csv. Specific state runtime coverage requires independent confirmation.
L-054,Offline Downloads,downloaded,GATE-CRITICAL,Access grant/package rules remain server-authoritative,QA-OFF-001,Mapping reviewed: 06_quality/phase2/evidence/codex/review/QA-HO-006.json; linked case results in 06_quality/phase2/QA_TEST_CASES.csv. Specific state runtime coverage requires independent confirmation.
L-054,Offline Downloads,expired,GATE-CRITICAL,Access grant/package rules remain server-authoritative,QA-OFF-001,Mapping reviewed: 06_quality/phase2/evidence/codex/review/QA-HO-006.json; linked case results in 06_quality/phase2/QA_TEST_CASES.csv. Specific state runtime coverage requires independent confirmation.
L-054,Offline Downloads,failed,GATE-CRITICAL,Access grant/package rules remain server-authoritative,QA-OFF-001,Mapping reviewed: 06_quality/phase2/evidence/codex/review/QA-HO-006.json; linked case results in 06_quality/phase2/QA_TEST_CASES.csv. Specific state runtime coverage requires independent confirmation.
L-060,Sync Queue,offline-available,GATE-CRITICAL,Connectivity and server acknowledgement are distinct; Synced appears only after authoritative acknowledgement/canonical refresh.,QA-OFF-001; QA-OFF-002; QA-OFF-007,Mapping reviewed: 06_quality/phase2/evidence/codex/review/QA-HO-006.json; linked case results in 06_quality/phase2/QA_TEST_CASES.csv. Specific state runtime coverage requires independent confirmation.
L-060,Sync Queue,local-queued,GATE-CRITICAL,Connectivity and server acknowledgement are distinct; Synced appears only after authoritative acknowledgement/canonical refresh.,QA-OFF-001; QA-OFF-002; QA-OFF-007,Mapping reviewed: 06_quality/phase2/evidence/codex/review/QA-HO-006.json; linked case results in 06_quality/phase2/QA_TEST_CASES.csv. Specific state runtime coverage requires independent confirmation.
L-060,Sync Queue,syncing,GATE-CRITICAL,Connectivity and server acknowledgement are distinct; Synced appears only after authoritative acknowledgement/canonical refresh.,QA-OFF-001; QA-OFF-002; QA-OFF-007,Mapping reviewed: 06_quality/phase2/evidence/codex/review/QA-HO-006.json; linked case results in 06_quality/phase2/QA_TEST_CASES.csv. Specific state runtime coverage requires independent confirmation.
L-060,Sync Queue,synced,GATE-CRITICAL,Connectivity and server acknowledgement are distinct; Synced appears only after authoritative acknowledgement/canonical refresh.,QA-OFF-001; QA-OFF-002; QA-OFF-007,Mapping reviewed: 06_quality/phase2/evidence/codex/review/QA-HO-006.json; linked case results in 06_quality/phase2/QA_TEST_CASES.csv. Specific state runtime coverage requires independent confirmation.
L-060,Sync Queue,partial,GATE-CRITICAL,Connectivity and server acknowledgement are distinct; Synced appears only after authoritative acknowledgement/canonical refresh.,QA-OFF-001; QA-OFF-002; QA-OFF-007,Mapping reviewed: 06_quality/phase2/evidence/codex/review/QA-HO-006.json; linked case results in 06_quality/phase2/QA_TEST_CASES.csv. Specific state runtime coverage requires independent confirmation.
L-061,Sync Error,failed-retryable,GATE-CRITICAL,Recovery reuses durable command identity; local state never overwrites server truth.,QA-OFF-003; QA-OFF-004; QA-OFF-007,Mapping reviewed: 06_quality/phase2/evidence/codex/review/QA-HO-006.json; linked case results in 06_quality/phase2/QA_TEST_CASES.csv. Specific state runtime coverage requires independent confirmation.
L-061,Sync Error,reauth,GATE-CRITICAL,Recovery reuses durable command identity; local state never overwrites server truth.,QA-OFF-003; QA-OFF-004; QA-OFF-007,Mapping reviewed: 06_quality/phase2/evidence/codex/review/QA-HO-006.json; linked case results in 06_quality/phase2/QA_TEST_CASES.csv. Specific state runtime coverage requires independent confirmation.
L-061,Sync Error,canonical-refresh,GATE-CRITICAL,Recovery reuses durable command identity; local state never overwrites server truth.,QA-OFF-003; QA-OFF-004; QA-OFF-007,Mapping reviewed: 06_quality/phase2/evidence/codex/review/QA-HO-006.json; linked case results in 06_quality/phase2/QA_TEST_CASES.csv. Specific state runtime coverage requires independent confirmation.
L-061,Sync Error,media-unavailable,GATE-CRITICAL,Recovery reuses durable command identity; local state never overwrites server truth.,QA-OFF-003; QA-OFF-004; QA-OFF-007,Mapping reviewed: 06_quality/phase2/evidence/codex/review/QA-HO-006.json; linked case results in 06_quality/phase2/QA_TEST_CASES.csv. Specific state runtime coverage requires independent confirmation.
L-062,Generic Error,Recoverable,GATE-CRITICAL,No false success state,QA-OFF-003,Mapping reviewed: 06_quality/phase2/evidence/codex/review/QA-HO-006.json; linked case results in 06_quality/phase2/QA_TEST_CASES.csv. Specific state runtime coverage requires independent confirmation.
L-062,Generic Error,fatal,GATE-CRITICAL,No false success state,QA-OFF-003,Mapping reviewed: 06_quality/phase2/evidence/codex/review/QA-HO-006.json; linked case results in 06_quality/phase2/QA_TEST_CASES.csv. Specific state runtime coverage requires independent confirmation.
L-063,Nothing Due / Content Gap,Nothing-due,GATE-CRITICAL,Do not fabricate cycle/recommendation,QA-LRN-019,Mapping reviewed: 06_quality/phase2/evidence/codex/review/QA-HO-006.json; linked case results in 06_quality/phase2/QA_TEST_CASES.csv. Specific state runtime coverage requires independent confirmation.
L-063,Nothing Due / Content Gap,no-valid-cycle,GATE-CRITICAL,Do not fabricate cycle/recommendation,QA-LRN-019,Mapping reviewed: 06_quality/phase2/evidence/codex/review/QA-HO-006.json; linked case results in 06_quality/phase2/QA_TEST_CASES.csv. Specific state runtime coverage requires independent confirmation.
L-063,Nothing Due / Content Gap,media-unavailable,GATE-CRITICAL,Do not fabricate cycle/recommendation,QA-LRN-019,Mapping reviewed: 06_quality/phase2/evidence/codex/review/QA-HO-006.json; linked case results in 06_quality/phase2/QA_TEST_CASES.csv. Specific state runtime coverage requires independent confirmation.
L-064,Re-auth Required,Default,GATE-CRITICAL,Phase 3 implements auth; no local permission bypass,QA-OFF-006,Mapping reviewed: 06_quality/phase2/evidence/codex/review/QA-HO-006.json; linked case results in 06_quality/phase2/QA_TEST_CASES.csv. Specific state runtime coverage requires independent confirmation.
S-001,Staff Entry,Loading,GATE-CRITICAL,Actual authentication/authorization belongs Phase 3,QC-003; QA-NAV-003,Mapping reviewed: 06_quality/phase2/evidence/codex/review/QA-HO-006.json; linked case results in 06_quality/phase2/QA_TEST_CASES.csv. Specific state runtime coverage requires independent confirmation.
S-001,Staff Entry,access-required,GATE-CRITICAL,Actual authentication/authorization belongs Phase 3,QC-003; QA-NAV-003,Mapping reviewed: 06_quality/phase2/evidence/codex/review/QA-HO-006.json; linked case results in 06_quality/phase2/QA_TEST_CASES.csv. Specific state runtime coverage requires independent confirmation.
S-010,Dashboard,Default,GATE-CRITICAL,Metrics must identify time range/source,QA-STF-001; QA-ACC-011,Mapping reviewed: 06_quality/phase2/evidence/codex/review/QA-HO-006.json; linked case results in 06_quality/phase2/QA_TEST_CASES.csv. Specific state runtime coverage requires independent confirmation.
S-010,Dashboard,empty,GATE-CRITICAL,Metrics must identify time range/source,QA-STF-001; QA-ACC-011,Mapping reviewed: 06_quality/phase2/evidence/codex/review/QA-HO-006.json; linked case results in 06_quality/phase2/QA_TEST_CASES.csv. Specific state runtime coverage requires independent confirmation.
S-010,Dashboard,partial,GATE-CRITICAL,Metrics must identify time range/source,QA-STF-001; QA-ACC-011,Mapping reviewed: 06_quality/phase2/evidence/codex/review/QA-HO-006.json; linked case results in 06_quality/phase2/QA_TEST_CASES.csv. Specific state runtime coverage requires independent confirmation.
S-020,Learner List,Loading,GATE-CRITICAL,Role visibility is not authorization,QA-STF-002; QA-ACC-012,Mapping reviewed: 06_quality/phase2/evidence/codex/review/QA-HO-006.json; linked case results in 06_quality/phase2/QA_TEST_CASES.csv. Specific state runtime coverage requires independent confirmation.
S-020,Learner List,empty,GATE-CRITICAL,Role visibility is not authorization,QA-STF-002; QA-ACC-012,Mapping reviewed: 06_quality/phase2/evidence/codex/review/QA-HO-006.json; linked case results in 06_quality/phase2/QA_TEST_CASES.csv. Specific state runtime coverage requires independent confirmation.
S-020,Learner List,filtered,GATE-CRITICAL,Role visibility is not authorization,QA-STF-002; QA-ACC-012,Mapping reviewed: 06_quality/phase2/evidence/codex/review/QA-HO-006.json; linked case results in 06_quality/phase2/QA_TEST_CASES.csv. Specific state runtime coverage requires independent confirmation.
S-020,Learner List,error,GATE-CRITICAL,Role visibility is not authorization,QA-STF-002; QA-ACC-012,Mapping reviewed: 06_quality/phase2/evidence/codex/review/QA-HO-006.json; linked case results in 06_quality/phase2/QA_TEST_CASES.csv. Specific state runtime coverage requires independent confirmation.
S-021,Learner Overview,Default,GATE-CRITICAL,No mental-state diagnosis; raw risk not default to content admin,QA-STF-003,Mapping reviewed: 06_quality/phase2/evidence/codex/review/QA-HO-006.json; linked case results in 06_quality/phase2/QA_TEST_CASES.csv. Specific state runtime coverage requires independent confirmation.
S-021,Learner Overview,insufficient-evidence,GATE-CRITICAL,No mental-state diagnosis; raw risk not default to content admin,QA-STF-003,Mapping reviewed: 06_quality/phase2/evidence/codex/review/QA-HO-006.json; linked case results in 06_quality/phase2/QA_TEST_CASES.csv. Specific state runtime coverage requires independent confirmation.
S-021,Learner Overview,access-denied,GATE-CRITICAL,No mental-state diagnosis; raw risk not default to content admin,QA-STF-003,Mapping reviewed: 06_quality/phase2/evidence/codex/review/QA-HO-006.json; linked case results in 06_quality/phase2/QA_TEST_CASES.csv. Specific state runtime coverage requires independent confirmation.
S-022,Learner Evidence,Loading,GATE-CRITICAL,Mastery != risk; uncertainty visible,QA-STF-003,Mapping reviewed: 06_quality/phase2/evidence/codex/review/QA-HO-006.json; linked case results in 06_quality/phase2/QA_TEST_CASES.csv. Specific state runtime coverage requires independent confirmation.
S-022,Learner Evidence,no-evidence,GATE-CRITICAL,Mastery != risk; uncertainty visible,QA-STF-003,Mapping reviewed: 06_quality/phase2/evidence/codex/review/QA-HO-006.json; linked case results in 06_quality/phase2/QA_TEST_CASES.csv. Specific state runtime coverage requires independent confirmation.
S-023,Learner Activity,Default,GATE-CRITICAL,Historical revision pinning preserved,QA-STF-003,Mapping reviewed: 06_quality/phase2/evidence/codex/review/QA-HO-006.json; linked case results in 06_quality/phase2/QA_TEST_CASES.csv. Specific state runtime coverage requires independent confirmation.
S-023,Learner Activity,empty,GATE-CRITICAL,Historical revision pinning preserved,QA-STF-003,Mapping reviewed: 06_quality/phase2/evidence/codex/review/QA-HO-006.json; linked case results in 06_quality/phase2/QA_TEST_CASES.csv. Specific state runtime coverage requires independent confirmation.
S-030,Content Library,Default,GATE-CRITICAL,Published revision immutable,QA-STF-004; QA-STF-011,Mapping reviewed: 06_quality/phase2/evidence/codex/review/QA-HO-006.json; linked case results in 06_quality/phase2/QA_TEST_CASES.csv. Specific state runtime coverage requires independent confirmation.
S-030,Content Library,empty,GATE-CRITICAL,Published revision immutable,QA-STF-004; QA-STF-011,Mapping reviewed: 06_quality/phase2/evidence/codex/review/QA-HO-006.json; linked case results in 06_quality/phase2/QA_TEST_CASES.csv. Specific state runtime coverage requires independent confirmation.
S-030,Content Library,filtered,GATE-CRITICAL,Published revision immutable,QA-STF-004; QA-STF-011,Mapping reviewed: 06_quality/phase2/evidence/codex/review/QA-HO-006.json; linked case results in 06_quality/phase2/QA_TEST_CASES.csv. Specific state runtime coverage requires independent confirmation.
S-031,Content Draft Editor,clean,GATE-CRITICAL,Fields have programmatic labels; preview/save/review transitions are explicit; published bytes are never edited.,QA-STF-004; QA-ACC-007; QA-ACC-013; QA-HO-001,Mapping reviewed: 06_quality/phase2/evidence/codex/review/QA-HO-006.json; linked case results in 06_quality/phase2/QA_TEST_CASES.csv. Specific state runtime coverage requires independent confirmation.
S-031,Content Draft Editor,dirty,GATE-CRITICAL,Fields have programmatic labels; preview/save/review transitions are explicit; published bytes are never edited.,QA-STF-004; QA-ACC-007; QA-ACC-013; QA-HO-001,Mapping reviewed: 06_quality/phase2/evidence/codex/review/QA-HO-006.json; linked case results in 06_quality/phase2/QA_TEST_CASES.csv. Specific state runtime coverage requires independent confirmation.
S-031,Content Draft Editor,saving,GATE-CRITICAL,Fields have programmatic labels; preview/save/review transitions are explicit; published bytes are never edited.,QA-STF-004; QA-ACC-007; QA-ACC-013; QA-HO-001,Mapping reviewed: 06_quality/phase2/evidence/codex/review/QA-HO-006.json; linked case results in 06_quality/phase2/QA_TEST_CASES.csv. Specific state runtime coverage requires independent confirmation.
S-031,Content Draft Editor,saved,GATE-CRITICAL,Fields have programmatic labels; preview/save/review transitions are explicit; published bytes are never edited.,QA-STF-004; QA-ACC-007; QA-ACC-013; QA-HO-001,Mapping reviewed: 06_quality/phase2/evidence/codex/review/QA-HO-006.json; linked case results in 06_quality/phase2/QA_TEST_CASES.csv. Specific state runtime coverage requires independent confirmation.
S-031,Content Draft Editor,validation-error,GATE-CRITICAL,Fields have programmatic labels; preview/save/review transitions are explicit; published bytes are never edited.,QA-STF-004; QA-ACC-007; QA-ACC-013; QA-HO-001,Mapping reviewed: 06_quality/phase2/evidence/codex/review/QA-HO-006.json; linked case results in 06_quality/phase2/QA_TEST_CASES.csv. Specific state runtime coverage requires independent confirmation.
S-031,Content Draft Editor,reviewer-changes,GATE-CRITICAL,Fields have programmatic labels; preview/save/review transitions are explicit; published bytes are never edited.,QA-STF-004; QA-ACC-007; QA-ACC-013; QA-HO-001,Mapping reviewed: 06_quality/phase2/evidence/codex/review/QA-HO-006.json; linked case results in 06_quality/phase2/QA_TEST_CASES.csv. Specific state runtime coverage requires independent confirmation.
S-032,Content Preview,preview,GATE-CRITICAL,Preview has no publish/progress side effect.,QA-STF-004; QA-STF-011,Mapping reviewed: 06_quality/phase2/evidence/codex/review/QA-HO-006.json; linked case results in 06_quality/phase2/QA_TEST_CASES.csv. Specific state runtime coverage requires independent confirmation.
S-033,Source & License,license-pending,GATE-CRITICAL,Publication stays blocked until provenance/license requirement passes.,QA-STF-006; QA-STF-011; QA-ACC-013,Mapping reviewed: 06_quality/phase2/evidence/codex/review/QA-HO-006.json; linked case results in 06_quality/phase2/QA_TEST_CASES.csv. Specific state runtime coverage requires independent confirmation.
S-033,Source & License,license-verified,GATE-CRITICAL,Publication stays blocked until provenance/license requirement passes.,QA-STF-006; QA-STF-011; QA-ACC-013,Mapping reviewed: 06_quality/phase2/evidence/codex/review/QA-HO-006.json; linked case results in 06_quality/phase2/QA_TEST_CASES.csv. Specific state runtime coverage requires independent confirmation.
S-033,Source & License,validation-error,GATE-CRITICAL,Publication stays blocked until provenance/license requirement passes.,QA-STF-006; QA-STF-011; QA-ACC-013,Mapping reviewed: 06_quality/phase2/evidence/codex/review/QA-HO-006.json; linked case results in 06_quality/phase2/QA_TEST_CASES.csv. Specific state runtime coverage requires independent confirmation.
S-034,Review Queue,Empty,GATE-CRITICAL,Reviewer actions require later server permission,QA-STF-004,Mapping reviewed: 06_quality/phase2/evidence/codex/review/QA-HO-006.json; linked case results in 06_quality/phase2/QA_TEST_CASES.csv. Specific state runtime coverage requires independent confirmation.
S-034,Review Queue,filtered,GATE-CRITICAL,Reviewer actions require later server permission,QA-STF-004,Mapping reviewed: 06_quality/phase2/evidence/codex/review/QA-HO-006.json; linked case results in 06_quality/phase2/QA_TEST_CASES.csv. Specific state runtime coverage requires independent confirmation.
S-035,Review Detail,license-blocked,GATE-CRITICAL,Approve is disabled until provenance/license gate passes.,QA-STF-004; QA-STF-006; QA-STF-011,Mapping reviewed: 06_quality/phase2/evidence/codex/review/QA-HO-006.json; linked case results in 06_quality/phase2/QA_TEST_CASES.csv. Specific state runtime coverage requires independent confirmation.
S-035,Review Detail,approvable,GATE-CRITICAL,Approve is disabled until provenance/license gate passes.,QA-STF-004; QA-STF-006; QA-STF-011,Mapping reviewed: 06_quality/phase2/evidence/codex/review/QA-HO-006.json; linked case results in 06_quality/phase2/QA_TEST_CASES.csv. Specific state runtime coverage requires independent confirmation.
S-035,Review Detail,changes-requested,GATE-CRITICAL,Approve is disabled until provenance/license gate passes.,QA-STF-004; QA-STF-006; QA-STF-011,Mapping reviewed: 06_quality/phase2/evidence/codex/review/QA-HO-006.json; linked case results in 06_quality/phase2/QA_TEST_CASES.csv. Specific state runtime coverage requires independent confirmation.
S-036,Publish Confirmation,confirmation-open,GATE-CRITICAL,Publish requires explicit confirmation and creates an immutable revision.,QA-STF-007; QA-STF-011; QA-ACC-002,Mapping reviewed: 06_quality/phase2/evidence/codex/review/QA-HO-006.json; linked case results in 06_quality/phase2/QA_TEST_CASES.csv. Specific state runtime coverage requires independent confirmation.
S-036,Publish Confirmation,processing,GATE-CRITICAL,Publish requires explicit confirmation and creates an immutable revision.,QA-STF-007; QA-STF-011; QA-ACC-002,Mapping reviewed: 06_quality/phase2/evidence/codex/review/QA-HO-006.json; linked case results in 06_quality/phase2/QA_TEST_CASES.csv. Specific state runtime coverage requires independent confirmation.
S-036,Publish Confirmation,error,GATE-CRITICAL,Publish requires explicit confirmation and creates an immutable revision.,QA-STF-007; QA-STF-011; QA-ACC-002,Mapping reviewed: 06_quality/phase2/evidence/codex/review/QA-HO-006.json; linked case results in 06_quality/phase2/QA_TEST_CASES.csv. Specific state runtime coverage requires independent confirmation.
S-037,Published Revision,published-immutable,GATE-CRITICAL,Published revision is read-only; edits create a new draft/revision.,QA-STF-007; QA-BIZ-012; QA-STF-011,Mapping reviewed: 06_quality/phase2/evidence/codex/review/QA-HO-006.json; linked case results in 06_quality/phase2/QA_TEST_CASES.csv. Specific state runtime coverage requires independent confirmation.
S-037,Published Revision,new-draft-created,GATE-CRITICAL,Published revision is read-only; edits create a new draft/revision.,QA-STF-007; QA-BIZ-012; QA-STF-011,Mapping reviewed: 06_quality/phase2/evidence/codex/review/QA-HO-006.json; linked case results in 06_quality/phase2/QA_TEST_CASES.csv. Specific state runtime coverage requires independent confirmation.
S-040,Interventions,Placeholder,GATE-CRITICAL,Phase 11/12 domain behavior not implemented in Phase 2,QA-STF-008,Mapping reviewed: 06_quality/phase2/evidence/codex/review/QA-HO-006.json; linked case results in 06_quality/phase2/QA_TEST_CASES.csv. Specific state runtime coverage requires independent confirmation.
S-040,Interventions,empty,GATE-CRITICAL,Phase 11/12 domain behavior not implemented in Phase 2,QA-STF-008,Mapping reviewed: 06_quality/phase2/evidence/codex/review/QA-HO-006.json; linked case results in 06_quality/phase2/QA_TEST_CASES.csv. Specific state runtime coverage requires independent confirmation.
S-041,Intervention Detail,Placeholder,GATE-CRITICAL,Recommendation lifecycle layers remain distinct,QA-STF-008,Mapping reviewed: 06_quality/phase2/evidence/codex/review/QA-HO-006.json; linked case results in 06_quality/phase2/QA_TEST_CASES.csv. Specific state runtime coverage requires independent confirmation.
S-041,Intervention Detail,unavailable,GATE-CRITICAL,Recommendation lifecycle layers remain distinct,QA-STF-008,Mapping reviewed: 06_quality/phase2/evidence/codex/review/QA-HO-006.json; linked case results in 06_quality/phase2/QA_TEST_CASES.csv. Specific state runtime coverage requires independent confirmation.
S-050,Analytics Overview,Placeholder,GATE-CRITICAL,Event time/known time/source context required,QA-STF-009,Mapping reviewed: 06_quality/phase2/evidence/codex/review/QA-HO-006.json; linked case results in 06_quality/phase2/QA_TEST_CASES.csv. Specific state runtime coverage requires independent confirmation.
S-050,Analytics Overview,no-data,GATE-CRITICAL,Event time/known time/source context required,QA-STF-009,Mapping reviewed: 06_quality/phase2/evidence/codex/review/QA-HO-006.json; linked case results in 06_quality/phase2/QA_TEST_CASES.csv. Specific state runtime coverage requires independent confirmation.
S-051,Metric Detail,Placeholder,GATE-CRITICAL,No hidden denominator or future-data leakage,QA-STF-009,Mapping reviewed: 06_quality/phase2/evidence/codex/review/QA-HO-006.json; linked case results in 06_quality/phase2/QA_TEST_CASES.csv. Specific state runtime coverage requires independent confirmation.
S-051,Metric Detail,insufficient-data,GATE-CRITICAL,No hidden denominator or future-data leakage,QA-STF-009,Mapping reviewed: 06_quality/phase2/evidence/codex/review/QA-HO-006.json; linked case results in 06_quality/phase2/QA_TEST_CASES.csv. Specific state runtime coverage requires independent confirmation.
S-060,Administration,Placeholder,GATE-CRITICAL,Phase 3/13 define authorization/security,QA-STF-010,Mapping reviewed: 06_quality/phase2/evidence/codex/review/QA-HO-006.json; linked case results in 06_quality/phase2/QA_TEST_CASES.csv. Specific state runtime coverage requires independent confirmation.
S-060,Administration,access-denied,GATE-CRITICAL,Phase 3/13 define authorization/security,QA-STF-010,Mapping reviewed: 06_quality/phase2/evidence/codex/review/QA-HO-006.json; linked case results in 06_quality/phase2/QA_TEST_CASES.csv. Specific state runtime coverage requires independent confirmation.
S-061,Roles & Permissions,Placeholder,GATE-CRITICAL,UI visibility never substitutes backend authz,QA-STF-010,Mapping reviewed: 06_quality/phase2/evidence/codex/review/QA-HO-006.json; linked case results in 06_quality/phase2/QA_TEST_CASES.csv. Specific state runtime coverage requires independent confirmation.
S-062,Audit Log,Placeholder,GATE-CRITICAL,Privileged actions audited,QA-STF-010,Mapping reviewed: 06_quality/phase2/evidence/codex/review/QA-HO-006.json; linked case results in 06_quality/phase2/QA_TEST_CASES.csv. Specific state runtime coverage requires independent confirmation.
S-062,Audit Log,filtered,GATE-CRITICAL,Privileged actions audited,QA-STF-010,Mapping reviewed: 06_quality/phase2/evidence/codex/review/QA-HO-006.json; linked case results in 06_quality/phase2/QA_TEST_CASES.csv. Specific state runtime coverage requires independent confirmation.
