id,surface,area,name,route,purpose,entry,actions,states,rules
L-001,Learner,Entry,Launch,/launch,App launch and bootstrap handoff,App start,Continue automatically,"Loading, error, offline bootstrap",No business decision performed here
L-002,Learner,Onboarding,Welcome,/welcome,Explain Mingo promise and let learner start,First use,Start learning,"Default, loading",No efficacy/mastery claim
L-003,Learner,Onboarding,Goal,/onboarding/goal,Optional learner goal selection,Welcome,Continue / Skip for now,"Default, selected, error",Goal cannot rewrite measured skill
L-004,Learner,Onboarding,Placement Offer,/onboarding/placement,Offer short optional placement,Goal,Take placement / Start without it,"Default, unavailable",Placement optional; missing evidence allowed
L-005,Learner,Onboarding,Placement Question,/placement/:step,Run provisional Vocabulary/Grammar/Listening item,Placement offer,Submit / Skip domain where allowed,"Ready, selected, validation-error, submitting, result, skipped-domain, audio-unavailable",Placement response requires explicit selection/allowed domain skip; provisional only; listening play request is not score authority.
L-006,Learner,Onboarding,Placement Result,/placement/result,Show provisional starting state and uncertainty,Placement finish,Go to Home,"Complete, insufficient-evidence",Qualitative/provisional language only
L-010,Learner,Main,Home,/home,Answer what to do next and why,Main shell,Start/resume cycle,"Online, offline, syncing, nothing-due, recommendation-unavailable",Reason copy must match logged reason; no risk/mastery percentage
L-011,Learner,System,Home Offline,/home?offline=1,Home with offline status and device-saved distinction,Connectivity loss,Continue available offline work,"Offline, queued",Queued is not server-confirmed
L-012,Learner,System,Home Syncing,/home?syncing=1,Show background synchronization without blocking navigation,Connectivity restore,View sync status,"Syncing, partial",No duplicate progress/reward from retries
L-020,Learner,Main,Learn Hub,/learn,Start or resume finite learning cycle,Learn tab,Start / Resume,"Ready, resume, content-gap",No infinite feed
L-021,Learner,Learning,Cycle Intro,/learn/cycle/intro,"Show objective, reason and approximate duration",Cycle selected,Begin cycle,"Ready, offline-capable, content-unavailable",~5 min is configurable hypothesis; objective/reason explicit
L-022,Learner,Learning,Review Item,/learn/cycle/review,Due/prerequisite review within bounded cycle,Cycle start,Answer / Skip,"Ready, selected, validation-error, submitted-result, skipped",Blank submit is impossible; Skip is explicit and creates no completion/mastery.
L-023,Learner,Learning,Learn Content,/learn/cycle/learn,Short explanation/example/audio/context,Review or cycle start,Continue,"Ready, audio-loading, audio-unavailable",Reading explanation alone is not mastery
L-024,Learner,Learning,Retrieve Item,/learn/cycle/retrieve,Unaided retrieval attempt,Learn,Submit / Hint / Skip,"Ready, selected, hinted, submitted-result, retry-available, retry-exhausted, skipped",First response is preserved; assisted flag persists independently of feedback; one retry is the current configurable policy.
L-025,Learner,Learning,Transfer Item,/learn/cycle/transfer,Change cue/context/modality within objective,Retrieve,Submit / Skip,"Ready, selected, validation-error, submitted-result, skipped",Blank submit is impossible; transfer is within objective and does not change level.
L-026,Learner,Learning,Check Intro,/learn/cycle/check-intro,Explain independent Check context,Transfer,Start Check,Ready,No pre-submit hint in Check
L-027,Learner,Learning,Check Item,/learn/cycle/check,Independent assessment item,Check intro,Submit,"Ready, selected, validation-error, submitting, result, audio-ready, audio-unavailable, play-limit-reached",No pre-submit hint; blank submit impossible; Check has no practice retry; listening play requests are client telemetry only.
L-028,Learner,Learning,Correct Feedback,/learn/feedback/correct,Give concise explanatory positive feedback,Correct response,Continue,Default,Reward/copy cannot imply validated mastery from one answer
L-029,Learner,Learning,Incorrect / Retry Feedback,/learn/feedback/retry,Explain error and offer practice retry where policy allows,Wrong practice response,Try again / Continue,"Retry available, retry used, retry exhausted",Retry correct never overwrites first wrong
L-030,Learner,Overlay,Hint Panel,/learn/hint,Provide typed assistance in practice,Hint request,Use hint / Close,"Default, unavailable",Hint use marks evidence assisted
L-031,Learner,Overlay,Skip Confirmation,/learn/skip,Confirm skip without shame or false completion,Skip request,Skip for now / Keep trying,Default,Skip != completion/mastery/streak
L-032,Learner,Learning,Cycle Summary,/learn/cycle/summary,"Explicit closure, practiced evidence and next step",Cycle complete,Done for now / Continue learning,"Complete, partial, sync-queued",No fake mastery %; user explicitly starts another cycle
L-033,Learner,Learning,Resume Cycle,/learn/resume,Resume preserved finite cycle,Interrupted cycle,Resume / Leave for now,"Resume, stale-content refresh",No duplicate submit on resume
L-040,Learner,Main,Course Map,/course,Browse objectives and broader path,Course tab,Open objective / Preview locked,"Open, due-review, locked, empty",Preview does not unlock/progress
L-041,Learner,Course,Objective Detail,/course/objective/:id,"Explain objective, evidence and eligibility",Course map,Start eligible practice / Review,"Eligible, due, locked, insufficient-evidence",Prerequisite guardrail remains authoritative
L-042,Learner,Course,Locked Preview,/course/objective/:id/preview,Safe preview of locked objective,Locked objective,Back / Work on prerequisite,"Preview-open, preview-close","Preview cannot create evidence, progress, completion, prerequisite bypass or unlock."
L-050,Learner,Main,Profile,/profile,"Goal, qualitative learning evidence and settings entry",Profile tab,Open evidence/settings,"Default, insufficient-evidence",Engagement/streak not presented as mastery
L-051,Learner,Profile,Evidence Detail,/profile/evidence/:domain,"Show observations, uncertainty and missing evidence",Profile,Review related objective,"Building, more-evidence-needed",No diagnosis or precise mastery percentage without validated model
L-052,Learner,Profile,Goal Settings,/profile/goal,Edit learner intent,Profile,Save / Clear,"Default, saved, error",Goal change does not rewrite competence
L-053,Learner,Profile,Learning Preferences,/profile/preferences,Accessibility and learning preferences,Profile,Save,"Default, saved",Preference cannot bypass required eligibility rules
L-054,Learner,Profile,Offline Downloads,/profile/offline,Manage available offline content packages,Profile,Download / Remove / Refresh,"Available, downloading, downloaded, expired, failed",Access grant/package rules remain server-authoritative
L-060,Learner,System,Sync Queue,/sync,Explain queued/synced items without technical jargon,Sync status tap,Retry / Close,"offline-available, local-queued, syncing, synced, partial",Connectivity and server acknowledgement are distinct; Synced appears only after authoritative acknowledgement/canonical refresh.
L-061,Learner,System,Sync Error,/sync/error,Recover retryable sync failure,Sync fail,Retry now / Later,"failed-retryable, reauth, canonical-refresh, media-unavailable",Recovery reuses durable command identity; local state never overwrites server truth.
L-062,Learner,System,Generic Error,/error,Recover from unexpected non-destructive error,Runtime error,Retry / Go home,"Recoverable, fatal",No false success state
L-063,Learner,System,Nothing Due / Content Gap,/learn/empty,Honest empty/content unavailable state,No eligible cycle,Explore course / Sync content,"Nothing-due, no-valid-cycle, media-unavailable",Do not fabricate cycle/recommendation
L-064,Learner,System,Re-auth Required,/reauth,Explain account/session action required,Auth/session invalid later,Sign in again,Default,Phase 3 implements auth; no local permission bypass
S-001,Staff,Entry,Staff Entry,/staff,Role-aware staff shell entry placeholder,Staff app launch,Enter authorized workspace,"Loading, access-required",Actual authentication/authorization belongs Phase 3
S-010,Staff,Main,Dashboard,/staff/dashboard,Operational overview and pending work,Staff shell,Open work queue,"Default, empty, partial",Metrics must identify time range/source
S-020,Staff,Learners,Learner List,/staff/learners,Search/filter assigned learners,Learners nav,Open learner,"Loading, empty, filtered, error",Role visibility is not authorization
S-021,Staff,Learners,Learner Overview,/staff/learners/:id,Evidence-based learner overview,Learner list,Open evidence/activity/intervention,"Default, insufficient-evidence, access-denied",No mental-state diagnosis; raw risk not default to content admin
S-022,Staff,Learners,Learner Evidence,/staff/learners/:id/evidence,Review learning/engagement evidence separately,Learner overview,Inspect evidence,"Loading, no-evidence",Mastery != risk; uncertainty visible
S-023,Staff,Learners,Learner Activity,/staff/learners/:id/activity,Auditable recent learning/exposure/activity history,Learner overview,Inspect record,"Default, empty",Historical revision pinning preserved
S-030,Staff,Content,Content Library,/staff/content,Browse/search drafts/published revisions,Content nav,Create draft / Open item,"Default, empty, filtered",Published revision immutable
S-031,Staff,Content,Content Draft Editor,/staff/content/drafts/:id,Author draft content and learning metadata,Library/new draft,Save draft / Preview / Submit review,"clean, dirty, saving, saved, validation-error, reviewer-changes",Fields have programmatic labels; preview/save/review transitions are explicit; published bytes are never edited.
S-032,Staff,Content,Content Preview,/staff/content/drafts/:id/preview,Preview learner rendering before review,Editor,Back to edit / Submit review,preview,Preview has no publish/progress side effect.
S-033,Staff,Content,Source & License,/staff/content/drafts/:id/source,"Capture provenance, license and attribution",Editor,Save provenance,"license-pending, license-verified, validation-error",Publication stays blocked until provenance/license requirement passes.
S-034,Staff,Content,Review Queue,/staff/content/review,List items awaiting editorial/license review,Content nav,Open review,"Empty, filtered",Reviewer actions require later server permission
S-035,Staff,Content,Review Detail,/staff/content/review/:id,"Review content, answers, media, provenance",Review queue,Approve / Request changes,"license-blocked, approvable, changes-requested",Approve is disabled until provenance/license gate passes.
S-036,Staff,Overlay,Publish Confirmation,/staff/content/publish/:id,Confirm creation of immutable published revision,Approved review,Publish revision / Cancel,"confirmation-open, processing, error",Publish requires explicit confirmation and creates an immutable revision.
S-037,Staff,Content,Published Revision,/staff/content/published/:id,Inspect immutable revision/history,Library/publish,Create new draft from revision,"published-immutable, new-draft-created",Published revision is read-only; edits create a new draft/revision.
S-040,Staff,Interventions,Interventions,/staff/interventions,Future queue of support actions,Sidebar,Open intervention,"Placeholder, empty",Phase 11/12 domain behavior not implemented in Phase 2
S-041,Staff,Interventions,Intervention Detail,/staff/interventions/:id,Show reason/evidence/decision/exposure/execution/outcome structure,Interventions,Record later action,"Placeholder, unavailable",Recommendation lifecycle layers remain distinct
S-050,Staff,Analytics,Analytics Overview,/staff/analytics,Future operational/learning analytics shell,Sidebar,Open metric view,"Placeholder, no-data",Event time/known time/source context required
S-051,Staff,Analytics,Metric Detail,/staff/analytics/:metric,"Inspect metric definition, cohort and time window",Analytics overview,Change filters,"Placeholder, insufficient-data",No hidden denominator or future-data leakage
S-060,Staff,Admin,Administration,/staff/admin,Entry to role/config/audit operations,Sidebar,Open admin area,"Placeholder, access-denied",Phase 3/13 define authorization/security
S-061,Staff,Admin,Roles & Permissions,/staff/admin/roles,Future role management shell,Administration,Inspect role,Placeholder,UI visibility never substitutes backend authz
S-062,Staff,Admin,Audit Log,/staff/admin/audit,Future privileged audit view,Administration,Inspect event,"Placeholder, filtered",Privileged actions audited
