screen_id,route,category,problem,evidence,expected_outcome,measurement,decision
L-001,/launch,RECOVERY,Mở Mingo,Approved inherited catalogue; user evidence PENDING,Preserve context and reach next safe task,Task success / interpretation / effort in approved human protocol; not yet measured,"Preserve route; review priority only, no claim of observed frequency"
L-002,/welcome,SUPPORT,Chào bạn,Approved inherited catalogue; user evidence PENDING,Complete the declared task without fabricated evidence,Task success / interpretation / effort in approved human protocol; not yet measured,"Preserve route; review priority only, no claim of observed frequency"
L-003,/onboarding/goal,SUPPORT,Bạn muốn học để làm gì?,Approved inherited catalogue; user evidence PENDING,Complete the declared task without fabricated evidence,Task success / interpretation / effort in approved human protocol; not yet measured,"Preserve route; review priority only, no claim of observed frequency"
L-004,/onboarding/placement,RARE,Chọn điểm bắt đầu,Approved inherited catalogue; user evidence PENDING,Complete the declared task without fabricated evidence,Task success / interpretation / effort in approved human protocol; not yet measured,"Preserve route; review priority only, no claim of observed frequency"
L-005,/placement/:step,RARE,Thử một câu ngắn,Approved inherited catalogue; user evidence PENDING,Complete the declared task without fabricated evidence,Task success / interpretation / effort in approved human protocol; not yet measured,"Preserve route; review priority only, no claim of observed frequency"
L-006,/placement/result,RARE,Điểm bắt đầu của bạn,Approved inherited catalogue; user evidence PENDING,Complete the declared task without fabricated evidence,Task success / interpretation / effort in approved human protocol; not yet measured,"Preserve route; review priority only, no claim of observed frequency"
L-010,/home,CORE,Chào bạn!,Approved inherited catalogue; user evidence PENDING,Complete the declared task without fabricated evidence,Task success / interpretation / effort in approved human protocol; not yet measured,"Preserve route; review priority only, no claim of observed frequency"
L-011,/home?offline=1,RECOVERY,Học khi không có mạng,Approved inherited catalogue; user evidence PENDING,Preserve context and reach next safe task,Task success / interpretation / effort in approved human protocol; not yet measured,"Preserve route; review priority only, no claim of observed frequency"
L-012,/home?syncing=1,RECOVERY,Đang gửi bài đã lưu,Approved inherited catalogue; user evidence PENDING,Preserve context and reach next safe task,Task success / interpretation / effort in approved human protocol; not yet measured,"Preserve route; review priority only, no claim of observed frequency"
L-020,/learn,CORE,Khám phá bài học,Approved inherited catalogue; user evidence PENDING,Complete the declared task without fabricated evidence,Task success / interpretation / effort in approved human protocol; not yet measured,"Preserve route; review priority only, no claim of observed frequency"
L-021,/learn/cycle/intro,CORE,Chào hỏi và làm quen,Approved inherited catalogue; user evidence PENDING,Complete the declared task without fabricated evidence,Task success / interpretation / effort in approved human protocol; not yet measured,"Preserve route; review priority only, no claim of observed frequency"
L-022,/learn/cycle/review,CORE,Nhớ lại một chút,Approved inherited catalogue; user evidence PENDING,Complete the declared task without fabricated evidence,Task success / interpretation / effort in approved human protocol; not yet measured,"Preserve route; review priority only, no claim of observed frequency"
L-023,/learn/cycle/learn,CORE,Một cách chào mới,Approved inherited catalogue; user evidence PENDING,Complete the declared task without fabricated evidence,Task success / interpretation / effort in approved human protocol; not yet measured,"Preserve route; review priority only, no claim of observed frequency"
L-024,/learn/cycle/retrieve,CORE,Thử tự nhớ,Approved inherited catalogue; user evidence PENDING,Complete the declared task without fabricated evidence,Task success / interpretation / effort in approved human protocol; not yet measured,"Preserve route; review priority only, no claim of observed frequency"
L-025,/learn/cycle/transfer,CORE,Dùng trong tình huống mới,Approved inherited catalogue; user evidence PENDING,Complete the declared task without fabricated evidence,Task success / interpretation / effort in approved human protocol; not yet measured,"Preserve route; review priority only, no claim of observed frequency"
L-026,/learn/cycle/check-intro,CORE,Thử không cần gợi ý,Approved inherited catalogue; user evidence PENDING,Complete the declared task without fabricated evidence,Task success / interpretation / effort in approved human protocol; not yet measured,"Preserve route; review priority only, no claim of observed frequency"
L-027,/learn/cycle/check,CORE,Chọn lời chào phù hợp,Approved inherited catalogue; user evidence PENDING,Complete the declared task without fabricated evidence,Task success / interpretation / effort in approved human protocol; not yet measured,"Preserve route; review priority only, no claim of observed frequency"
L-028,/learn/feedback/correct,CORE,Bạn đã tìm ra rồi,Approved inherited catalogue; user evidence PENDING,Complete the declared task without fabricated evidence,Task success / interpretation / effort in approved human protocol; not yet measured,"Preserve route; review priority only, no claim of observed frequency"
L-029,/learn/feedback/retry,CORE,Thử thêm một lần,Approved inherited catalogue; user evidence PENDING,Complete the declared task without fabricated evidence,Task success / interpretation / effort in approved human protocol; not yet measured,"Preserve route; review priority only, no claim of observed frequency"
L-030,/learn/hint,RECOVERY,Một gợi ý nhỏ,Approved inherited catalogue; user evidence PENDING,Preserve context and reach next safe task,Task success / interpretation / effort in approved human protocol; not yet measured,"Preserve route; review priority only, no claim of observed frequency"
L-031,/learn/skip,RECOVERY,Bạn có thể quay lại,Approved inherited catalogue; user evidence PENDING,Preserve context and reach next safe task,Task success / interpretation / effort in approved human protocol; not yet measured,"Preserve route; review priority only, no claim of observed frequency"
L-032,/learn/cycle/summary,CORE,Những gì bạn vừa luyện,Approved inherited catalogue; user evidence PENDING,Complete the declared task without fabricated evidence,Task success / interpretation / effort in approved human protocol; not yet measured,"Preserve route; review priority only, no claim of observed frequency"
L-033,/learn/resume,RECOVERY,Tiếp tục từ đây,Approved inherited catalogue; user evidence PENDING,Preserve context and reach next safe task,Task success / interpretation / effort in approved human protocol; not yet measured,"Preserve route; review priority only, no claim of observed frequency"
L-040,/course,CORE,Lộ trình của bạn,Approved inherited catalogue; user evidence PENDING,Complete the declared task without fabricated evidence,Task success / interpretation / effort in approved human protocol; not yet measured,"Preserve route; review priority only, no claim of observed frequency"
L-041,/course/objective/:id,CORE,Chào hỏi cơ bản,Approved inherited catalogue; user evidence PENDING,Complete the declared task without fabricated evidence,Task success / interpretation / effort in approved human protocol; not yet measured,"Preserve route; review priority only, no claim of observed frequency"
L-042,/course/objective/:id/preview,RARE,Bài học phía trước,Approved inherited catalogue; user evidence PENDING,Complete the declared task without fabricated evidence,Task success / interpretation / effort in approved human protocol; not yet measured,"Preserve route; review priority only, no claim of observed frequency"
L-050,/profile,SUPPORT,Góc của bạn,Approved inherited catalogue; user evidence PENDING,Complete the declared task without fabricated evidence,Task success / interpretation / effort in approved human protocol; not yet measured,"Preserve route; review priority only, no claim of observed frequency"
L-051,/profile/evidence/:domain,SUPPORT,Điều bạn đã thực hành,Approved inherited catalogue; user evidence PENDING,Complete the declared task without fabricated evidence,Task success / interpretation / effort in approved human protocol; not yet measured,"Preserve route; review priority only, no claim of observed frequency"
L-052,/profile/goal,SUPPORT,Mục tiêu học tập,Approved inherited catalogue; user evidence PENDING,Complete the declared task without fabricated evidence,Task success / interpretation / effort in approved human protocol; not yet measured,"Preserve route; review priority only, no claim of observed frequency"
L-053,/profile/preferences,SUPPORT,Cách bạn muốn học,Approved inherited catalogue; user evidence PENDING,Complete the declared task without fabricated evidence,Task success / interpretation / effort in approved human protocol; not yet measured,"Preserve route; review priority only, no claim of observed frequency"
L-054,/profile/offline,SUPPORT,Bài học ngoại tuyến,Approved inherited catalogue; user evidence PENDING,Complete the declared task without fabricated evidence,Task success / interpretation / effort in approved human protocol; not yet measured,"Preserve route; review priority only, no claim of observed frequency"
L-060,/sync,RECOVERY,Bài đã lưu trên máy,Approved inherited catalogue; user evidence PENDING,Preserve context and reach next safe task,Task success / interpretation / effort in approved human protocol; not yet measured,"Preserve route; review priority only, no claim of observed frequency"
L-061,/sync/error,RECOVERY,Cần bạn kiểm tra,Approved inherited catalogue; user evidence PENDING,Preserve context and reach next safe task,Task success / interpretation / effort in approved human protocol; not yet measured,"Preserve route; review priority only, no claim of observed frequency"
L-062,/error,RECOVERY,Mình thử lại nhé,Approved inherited catalogue; user evidence PENDING,Preserve context and reach next safe task,Task success / interpretation / effort in approved human protocol; not yet measured,"Preserve route; review priority only, no claim of observed frequency"
L-063,/learn/empty,RECOVERY,Sẵn sàng khi bạn muốn,Approved inherited catalogue; user evidence PENDING,Preserve context and reach next safe task,Task success / interpretation / effort in approved human protocol; not yet measured,"Preserve route; review priority only, no claim of observed frequency"
L-064,/reauth,RECOVERY,Cần đăng nhập lại,Approved inherited catalogue; user evidence PENDING,Preserve context and reach next safe task,Task success / interpretation / effort in approved human protocol; not yet measured,"Preserve route; review priority only, no claim of observed frequency"
S-001,/staff,RARE,Không gian nhân viên,Approved inherited catalogue; user evidence PENDING,Complete the declared task without fabricated evidence,Task success / interpretation / effort in approved human protocol; not yet measured,"Preserve route; review priority only, no claim of observed frequency"
S-010,/staff/dashboard,CORE,Công việc hôm nay,Approved inherited catalogue; user evidence PENDING,Complete the declared task without fabricated evidence,Task success / interpretation / effort in approved human protocol; not yet measured,"Preserve route; review priority only, no claim of observed frequency"
S-020,/staff/learners,CORE,Học viên,Approved inherited catalogue; user evidence PENDING,Complete the declared task without fabricated evidence,Task success / interpretation / effort in approved human protocol; not yet measured,"Preserve route; review priority only, no claim of observed frequency"
S-021,/staff/learners/:id,CORE,Hồ sơ học viên,Approved inherited catalogue; user evidence PENDING,Complete the declared task without fabricated evidence,Task success / interpretation / effort in approved human protocol; not yet measured,"Preserve route; review priority only, no claim of observed frequency"
S-022,/staff/learners/:id/evidence,CORE,Bằng chứng học tập,Approved inherited catalogue; user evidence PENDING,Complete the declared task without fabricated evidence,Task success / interpretation / effort in approved human protocol; not yet measured,"Preserve route; review priority only, no claim of observed frequency"
S-023,/staff/learners/:id/activity,SUPPORT,Hoạt động gần đây,Approved inherited catalogue; user evidence PENDING,Complete the declared task without fabricated evidence,Task success / interpretation / effort in approved human protocol; not yet measured,"Preserve route; review priority only, no claim of observed frequency"
S-030,/staff/content,CORE,Nội dung học,Approved inherited catalogue; user evidence PENDING,Complete the declared task without fabricated evidence,Task success / interpretation / effort in approved human protocol; not yet measured,"Preserve route; review priority only, no claim of observed frequency"
S-031,/staff/content/drafts/:id,CORE,Soạn bài học,Approved inherited catalogue; user evidence PENDING,Complete the declared task without fabricated evidence,Task success / interpretation / effort in approved human protocol; not yet measured,"Preserve route; review priority only, no claim of observed frequency"
S-032,/staff/content/drafts/:id/preview,CORE,Xem trước bài học,Approved inherited catalogue; user evidence PENDING,Complete the declared task without fabricated evidence,Task success / interpretation / effort in approved human protocol; not yet measured,"Preserve route; review priority only, no claim of observed frequency"
S-033,/staff/content/drafts/:id/source,CORE,Nguồn và giấy phép,Approved inherited catalogue; user evidence PENDING,Complete the declared task without fabricated evidence,Task success / interpretation / effort in approved human protocol; not yet measured,"Preserve route; review priority only, no claim of observed frequency"
S-034,/staff/content/review,CORE,Hàng chờ duyệt,Approved inherited catalogue; user evidence PENDING,Complete the declared task without fabricated evidence,Task success / interpretation / effort in approved human protocol; not yet measured,"Preserve route; review priority only, no claim of observed frequency"
S-035,/staff/content/review/:id,CORE,Kiểm tra bài học,Approved inherited catalogue; user evidence PENDING,Complete the declared task without fabricated evidence,Task success / interpretation / effort in approved human protocol; not yet measured,"Preserve route; review priority only, no claim of observed frequency"
S-036,/staff/content/publish/:id,CORE,Xác nhận xuất bản,Approved inherited catalogue; user evidence PENDING,Complete the declared task without fabricated evidence,Task success / interpretation / effort in approved human protocol; not yet measured,"Preserve route; review priority only, no claim of observed frequency"
S-037,/staff/content/published/:id,CORE,Bản đã xuất bản,Approved inherited catalogue; user evidence PENDING,Complete the declared task without fabricated evidence,Task success / interpretation / effort in approved human protocol; not yet measured,"Preserve route; review priority only, no claim of observed frequency"
S-040,/staff/interventions,FUTURE,Hỗ trợ học viên,Approved inherited catalogue; user evidence PENDING,Complete the declared task without fabricated evidence,Task success / interpretation / effort in approved human protocol; not yet measured,FROZEN PLACEHOLDER; no feature growth or real implementation
S-041,/staff/interventions/:id,FUTURE,Chi tiết hỗ trợ,Approved inherited catalogue; user evidence PENDING,Complete the declared task without fabricated evidence,Task success / interpretation / effort in approved human protocol; not yet measured,FROZEN PLACEHOLDER; no feature growth or real implementation
S-050,/staff/analytics,FUTURE,Phân tích học tập,Approved inherited catalogue; user evidence PENDING,Complete the declared task without fabricated evidence,Task success / interpretation / effort in approved human protocol; not yet measured,FROZEN PLACEHOLDER; no feature growth or real implementation
S-051,/staff/analytics/:metric,FUTURE,Chi tiết chỉ số,Approved inherited catalogue; user evidence PENDING,Complete the declared task without fabricated evidence,Task success / interpretation / effort in approved human protocol; not yet measured,FROZEN PLACEHOLDER; no feature growth or real implementation
S-060,/staff/admin,FUTURE,Quản trị,Approved inherited catalogue; user evidence PENDING,Complete the declared task without fabricated evidence,Task success / interpretation / effort in approved human protocol; not yet measured,FROZEN PLACEHOLDER; no feature growth or real implementation
S-061,/staff/admin/roles,FUTURE,Vai trò,Approved inherited catalogue; user evidence PENDING,Complete the declared task without fabricated evidence,Task success / interpretation / effort in approved human protocol; not yet measured,FROZEN PLACEHOLDER; no feature growth or real implementation
S-062,/staff/admin/audit,FUTURE,Lịch sử thao tác,Approved inherited catalogue; user evidence PENDING,Complete the declared task without fabricated evidence,Task success / interpretation / effort in approved human protocol; not yet measured,FROZEN PLACEHOLDER; no feature growth or real implementation
L-070,/progress,SUPPORT,Những bước bạn đã đi,Approved inherited catalogue; user evidence PENDING,Complete the declared task without fabricated evidence,Task success / interpretation / effort in approved human protocol; not yet measured,"Preserve route; review priority only, no claim of observed frequency"
L-071,/learn/search,SUPPORT,Tìm bài học,Approved inherited catalogue; user evidence PENDING,Complete the declared task without fabricated evidence,Task success / interpretation / effort in approved human protocol; not yet measured,"Preserve route; review priority only, no claim of observed frequency"
L-072,/profile/settings,SUPPORT,Cài đặt,Approved inherited catalogue; user evidence PENDING,Complete the declared task without fabricated evidence,Task success / interpretation / effort in approved human protocol; not yet measured,"Preserve route; review priority only, no claim of observed frequency"
L-073,/notifications,RARE,Thông báo,Approved inherited catalogue; user evidence PENDING,Complete the declared task without fabricated evidence,Task success / interpretation / effort in approved human protocol; not yet measured,"Preserve route; review priority only, no claim of observed frequency"
